,symboling,normalized-losses,make,fuel-type,aspiration,num-of-doors,body-style,drive-wheels,wheel-base,length,width,height,curb-weight,engine-type,num-of-cylinders,engine-size,fuel-system,bore,stroke,compression-ratio,horsepower,peak-rpm,city-mpg,highway-mpg,price
2,0.6000000000000001,0.2975725844835793,0,1,0,1,2,2,0.23032069970845503,0.4492537313432834,0.44444444444444375,0.3833333333333333,0.5178432893716058,4,3,0.3433962264150943,5,1,27,0.125,20,10,0.16666666666666669,0.26315789473684204,16500
3,0.8,0.5183246073298429,1,1,0,0,3,1,0.3848396501457727,0.5298507462686568,0.5042735042735043,0.5416666666666665,0.3293250581846392,2,2,0.18113207547169813,5,13,24,0.1875,2,16,0.3055555555555555,0.368421052631579,13950
4,0.8,0.5183246073298429,1,1,0,0,3,0,0.37317784256559783,0.5298507462686568,0.5213675213675213,0.5416666666666665,0.5182311869666407,2,1,0.2830188679245283,5,13,24,0.0625,8,16,0.1388888888888889,0.1578947368421053,17450
5,0.8,0.2975725844835793,1,1,0,1,3,1,0.3848396501457727,0.5402985074626869,0.5128205128205119,0.4416666666666669,0.3952676493405741,2,1,0.2830188679245283,5,13,24,0.09375,4,16,0.16666666666666669,0.23684210526315785,15250
6,0.6000000000000001,0.486910994764398,1,1,0,0,3,1,0.5597667638483963,0.770149253731343,0.9487179487179489,0.6583333333333337,0.525989138867339,2,1,0.2830188679245283,5,13,24,0.09375,4,16,0.16666666666666669,0.23684210526315785,17710
7,0.6000000000000001,0.2975725844835793,1,1,0,0,4,1,0.5597667638483963,0.770149253731343,0.9487179487179489,0.6583333333333337,0.5686578743211792,2,1,0.2830188679245283,5,13,24,0.09375,4,16,0.16666666666666669,0.23684210526315785,18920
9,0.8,0.6649214659685865,2,1,0,1,3,2,0.425655976676385,0.5328358208955226,0.38461538461538414,0.5416666666666665,0.35182311869666405,2,2,0.17735849056603775,5,24,6,0.11250000000000004,1,18,0.27777777777777773,0.3421052631578947,16430
10,0.4,0.6649214659685865,2,1,0,0,3,2,0.425655976676385,0.5328358208955226,0.38461538461538414,0.5416666666666665,0.35182311869666405,2,2,0.17735849056603775,5,24,6,0.11250000000000004,1,18,0.27777777777777773,0.3421052631578947,16925
11,0.4,0.6439790575916231,2,1,0,1,3,2,0.425655976676385,0.5328358208955226,0.38461538461538414,0.5416666666666665,0.474010861132661,2,3,0.38867924528301884,5,16,17,0.125,11,2,0.22222222222222215,0.3157894736842105,20970
12,0.4,0.6439790575916231,2,1,0,0,3,2,0.425655976676385,0.5328358208955226,0.38461538461538414,0.5416666666666665,0.495345228859581,2,3,0.38867924528301884,5,16,17,0.125,11,2,0.22222222222222215,0.3157894736842105,21105
13,0.6000000000000001,0.2975725844835793,2,1,0,0,3,2,0.49271137026239087,0.7149253731343284,0.5641025641025639,0.6583333333333337,0.6078355314197053,2,3,0.38867924528301884,5,16,17,0.125,11,2,0.19444444444444448,0.23684210526315785,24565
14,0.4,0.2975725844835793,2,1,0,0,3,2,0.49271137026239087,0.7149253731343284,0.5641025641025639,0.6583333333333337,0.6757176105508145,2,3,0.558490566037736,5,30,23,0.0625,28,15,0.08333333333333331,0.1578947368421053,30760
15,0.4,0.2975725844835793,2,1,0,1,3,2,0.49271137026239087,0.7865671641791048,0.6495726495726499,0.4916666666666667,0.7339022498060512,2,3,0.558490566037736,5,30,23,0.0625,28,15,0.08333333333333331,0.1578947368421053,41315
16,0.4,0.2975725844835793,2,1,0,0,3,2,0.6822157434402332,0.8343283582089551,0.9059829059829063,0.7083333333333335,0.7823894491854151,2,3,0.558490566037736,5,30,23,0.0625,28,15,0.055555555555555525,0.10526315789473684,36880
18,0.6000000000000001,0.1727748691099476,3,1,0,1,2,1,0.23032069970845503,0.22089552238805998,0.28205128205128194,0.3500000000000001,0.14972847168347558,2,2,0.10943396226415092,1,7,13,0.16249999999999998,43,15,0.6944444444444444,0.7105263157894737,6295
19,0.4,0.08376963350785338,3,1,0,0,3,1,0.23032069970845503,0.2641791044776123,0.28205128205128194,0.3500000000000001,0.1633048875096974,2,2,0.10943396226415092,1,7,13,0.16249999999999998,43,15,0.6944444444444444,0.7105263157894737,6575
20,0.6000000000000001,0.27748691099476436,4,1,0,1,2,1,0.20699708454810528,0.2417910447761198,0.29914529914529897,0.24999999999999956,0.15050426687354534,2,2,0.10943396226415092,1,4,19,0.150625,41,16,0.6666666666666665,0.6578947368421053,5572
21,0.6000000000000001,0.27748691099476436,4,1,0,1,2,1,0.20699708454810528,0.2417910447761198,0.29914529914529897,0.24999999999999956,0.15050426687354534,2,2,0.10943396226415092,1,4,19,0.15000000000000002,41,16,0.49999999999999994,0.5789473684210527,6377
22,0.6000000000000001,0.27748691099476436,4,1,1,1,2,1,0.20699708454810528,0.2417910447761198,0.29914529914529897,0.24999999999999956,0.24825446082234293,2,2,0.139622641509434,5,7,23,0.03749999999999998,2,16,0.3055555555555555,0.368421052631579,7957
23,0.6000000000000001,0.43455497382198954,4,1,0,0,2,1,0.20699708454810528,0.2417910447761198,0.29914529914529897,0.23333333333333384,0.18580294802172226,2,2,0.10943396226415092,1,4,19,0.15000000000000002,41,16,0.49999999999999994,0.5789473684210527,6229
24,0.6000000000000001,0.43455497382198954,4,1,0,0,3,1,0.20699708454810528,0.2417910447761198,0.29914529914529897,0.23333333333333384,0.1943366951124903,2,2,0.10943396226415092,1,4,19,0.15000000000000002,41,16,0.49999999999999994,0.5789473684210527,6692
25,0.6000000000000001,0.43455497382198954,4,1,0,0,3,1,0.20699708454810528,0.2417910447761198,0.29914529914529897,0.23333333333333384,0.1943366951124903,2,2,0.10943396226415092,1,4,19,0.15000000000000002,41,16,0.49999999999999994,0.5789473684210527,7609
26,0.6000000000000001,0.43455497382198954,4,1,1,0,3,1,0.20699708454810528,0.2417910447761198,0.29914529914529897,0.23333333333333384,0.2726920093095423,2,2,0.139622641509434,5,7,23,0.03749999999999998,2,16,0.3055555555555555,0.368421052631579,8558
27,0.2,0.23560209424083772,4,1,0,0,4,1,0.4868804664723032,0.5,0.3675213675213671,0.9999999999999996,0.40612878200155156,2,2,0.23018867924528302,1,18,26,0.09375,52,10,0.3055555555555555,0.368421052631579,8921
28,1.0,0.41884816753926707,4,1,1,1,2,1,0.2711370262390673,0.4791044776119402,0.5128205128205119,0.20000000000000062,0.513188518231187,2,2,0.3584905660377358,4,28,34,0.0,18,10,0.16666666666666669,0.21052631578947367,12964
30,0.8,0.3769633507853403,5,1,0,1,2,1,0.0,0.052238805970149294,0.3076923076923075,0.24999999999999956,0.12839410395655548,2,2,0.11698113207547167,0,2,25,0.13749999999999996,46,20,0.49999999999999994,0.5789473684210527,6855
31,0.6000000000000001,0.1884816753926702,5,1,0,1,2,1,0.20699708454810528,0.13283582089552226,0.316239316239316,0.3999999999999999,0.1353762606671839,2,2,0.06792452830188678,0,2,10,0.19374999999999998,38,16,0.6944444444444444,0.6842105263157894,5399
32,0.6000000000000001,0.1884816753926702,5,1,0,1,2,1,0.20699708454810528,0.13283582089552226,0.316239316239316,0.3999999999999999,0.1753297129557797,2,2,0.11698113207547167,0,2,25,0.13749999999999996,46,20,0.47222222222222215,0.4736842105263157,6529
33,0.6000000000000001,0.1884816753926702,5,1,0,1,2,1,0.20699708454810528,0.13283582089552226,0.316239316239316,0.3999999999999999,0.18153607447633824,2,2,0.11698113207547167,0,2,25,0.13749999999999996,46,20,0.47222222222222215,0.4736842105263157,7129
34,0.4,0.23560209424083772,5,1,0,0,3,1,0.2886297376093294,0.33283582089552244,0.316239316239316,0.5583333333333331,0.20248254460822346,2,2,0.11698113207547167,0,2,25,0.13749999999999996,46,20,0.47222222222222215,0.4736842105263157,7295
35,0.4,0.0680628272251309,5,1,0,0,4,1,0.2886297376093294,0.23880597014925353,0.3076923076923075,0.8749999999999996,0.20791311093871212,2,2,0.11698113207547167,0,3,25,0.13749999999999996,46,20,0.47222222222222215,0.4736842105263157,7295
36,0.4,0.21465968586387435,5,1,0,1,2,1,0.2886297376093294,0.39402985074626873,0.4188034188034191,0.4583333333333335,0.29014740108611325,2,2,0.1849056603773585,0,11,31,0.125,51,18,0.3888888888888889,0.4473684210526315,7895
37,0.4,0.21465968586387435,5,1,0,1,2,1,0.2886297376093294,0.39402985074626873,0.4188034188034191,0.4583333333333335,0.3107059736229635,2,2,0.1849056603773585,0,11,31,0.125,51,18,0.3888888888888889,0.4473684210526315,9095
38,0.4,0.10471204188481675,5,1,0,0,3,1,0.2886297376093294,0.5119402985074628,0.4188034188034191,0.5249999999999999,0.31652443754848725,2,2,0.1849056603773585,0,11,31,0.125,51,18,0.3888888888888889,0.4473684210526315,8845
39,0.4,0.10471204188481675,5,1,0,0,3,1,0.2886297376093294,0.5119402985074628,0.18803418803418825,0.5249999999999999,0.34290147401086113,2,2,0.1849056603773585,0,11,31,0.125,51,18,0.3888888888888889,0.4473684210526315,10295
40,0.4,0.10471204188481675,5,1,0,0,3,1,0.2886297376093294,0.5119402985074628,0.4188034188034191,0.5249999999999999,0.3789759503491078,2,2,0.1849056603773585,5,11,31,0.125,1,18,0.3055555555555555,0.3157894736842105,12945
41,0.6000000000000001,0.21989528795811514,5,1,0,1,3,1,0.2886297376093294,0.4179104477611939,0.4871794871794872,0.26666666666666705,0.3122575640031032,2,2,0.1849056603773585,1,11,31,0.13124999999999998,0,16,0.3333333333333333,0.39473684210526316,10345
42,0.4,0.2975725844835793,6,1,0,0,3,2,0.22448979591836737,0.4417910447761191,0.12820512820512775,0.4750000000000001,0.3293250581846392,2,2,0.18867924528301888,1,16,19,0.09375,47,8,0.3055555555555555,0.3421052631578947,6785
43,0.8,0.2975725844835793,6,1,0,1,2,2,0.27405247813411115,0.4701492537313432,0.4188034188034191,0.30000000000000027,0.4833204034134988,2,2,0.2188679245283019,7,21,19,0.13749999999999996,53,10,0.3055555555555555,0.3421052631578947,11048
47,0.6000000000000001,0.20418848167539266,8,1,0,1,2,1,0.18950437317784274,0.26865671641791034,0.33333333333333304,0.5249999999999999,0.15593483320403412,2,2,0.1132075471698113,1,7,15,0.125,41,10,0.47222222222222215,0.39473684210526316,5195
48,0.6000000000000001,0.20418848167539266,8,1,0,1,2,1,0.18950437317784274,0.26865671641791034,0.33333333333333304,0.5249999999999999,0.15981380915438326,2,2,0.1132075471698113,1,7,15,0.125,41,10,0.49999999999999994,0.5789473684210527,6095
49,0.6000000000000001,0.20418848167539266,8,1,0,1,2,1,0.18950437317784274,0.26865671641791034,0.33333333333333304,0.5249999999999999,0.16175329712955777,2,2,0.1132075471698113,1,7,15,0.125,41,10,0.49999999999999994,0.5789473684210527,6795
50,0.6000000000000001,0.2513089005235602,8,1,0,0,3,1,0.18950437317784274,0.38358208955223905,0.33333333333333304,0.5249999999999999,0.17726920093095422,2,2,0.1132075471698113,1,7,15,0.125,41,10,0.49999999999999994,0.5789473684210527,6695
51,0.6000000000000001,0.2513089005235602,8,1,0,0,3,1,0.18950437317784274,0.38358208955223905,0.33333333333333304,0.5249999999999999,0.17920868890612873,2,2,0.1132075471698113,1,9,15,0.125,41,10,0.49999999999999994,0.5789473684210527,7395
56,0.6000000000000001,0.3350785340314136,8,1,0,1,2,1,0.3556851311953353,0.5477611940298508,0.5299145299145298,0.4916666666666667,0.3479441427463149,2,2,0.23018867924528302,1,20,23,0.09999999999999998,49,8,0.3611111111111111,0.42105263157894735,8845
57,0.4,0.2617801047120419,8,1,0,0,3,1,0.3556851311953353,0.5477611940298508,0.5299145299145298,0.641666666666667,0.3576415826221877,2,2,0.23018867924528302,1,20,23,0.09999999999999998,49,8,0.3611111111111111,0.42105263157894735,8495
58,0.6000000000000001,0.3350785340314136,8,1,0,1,2,1,0.3556851311953353,0.5477611940298508,0.5299145299145298,0.4916666666666667,0.3479441427463149,2,2,0.23018867924528302,1,20,23,0.09999999999999998,49,8,0.3611111111111111,0.42105263157894735,10595
59,0.4,0.2617801047120419,8,1,0,0,3,1,0.3556851311953353,0.5477611940298508,0.5299145299145298,0.641666666666667,0.3576415826221877,2,2,0.23018867924528302,1,20,23,0.09999999999999998,49,8,0.3611111111111111,0.42105263157894735,10245
61,0.4,0.2617801047120419,8,1,0,0,2,1,0.3556851311953353,0.5477611940298508,0.5299145299145298,0.641666666666667,0.36346004654771136,2,2,0.23018867924528302,1,20,23,0.09999999999999998,49,8,0.3611111111111111,0.42105263157894735,11245
62,0.4,0.27748691099476436,8,1,0,0,3,2,0.5335276967930032,0.5059701492537312,0.49572649572649485,0.5500000000000003,0.45849495733126444,2,2,0.2981132075471698,5,34,16,0.0625,10,10,0.16666666666666669,0.2894736842105263,18280
72,0.6000000000000001,0.2975725844835793,10,1,1,1,2,2,0.4693877551020411,0.5567164179104478,0.6581196581196576,0.5833333333333335,0.5515903801396431,2,2,0.2981132075471698,5,35,14,0.0625,26,10,0.16666666666666669,0.21052631578947367,16503
73,0.8,0.5026178010471205,11,1,0,1,2,1,0.20699708454810528,0.2417910447761198,0.35042735042735096,0.24999999999999956,0.16679596586501166,2,2,0.11698113207547167,1,4,19,0.15000000000000002,41,16,0.6666666666666665,0.6578947368421053,5389
74,0.8,0.5026178010471205,11,1,0,1,2,1,0.20699708454810528,0.2417910447761198,0.35042735042735096,0.24999999999999956,0.17688130333591934,2,2,0.11698113207547167,1,4,19,0.15000000000000002,41,16,0.49999999999999994,0.5789473684210527,6189
75,0.8,0.5026178010471205,11,1,0,1,2,1,0.20699708454810528,0.2417910447761198,0.35042735042735096,0.24999999999999956,0.20015515903801395,2,2,0.11698113207547167,1,4,19,0.15000000000000002,41,16,0.49999999999999994,0.5789473684210527,6669
76,0.6000000000000001,0.5026178010471205,11,1,1,1,2,1,0.18658892128279891,0.2417910447761198,0.29914529914529897,0.24999999999999956,0.25484871993793634,2,2,0.139622641509434,6,7,23,0.03749999999999998,2,16,0.3055555555555555,0.368421052631579,7689
77,1.0,0.4607329842931937,11,1,1,1,2,1,0.2827988338192422,0.4761194029850748,0.4358974358974361,0.1333333333333333,0.34212567882079126,2,2,0.1849056603773585,6,12,26,0.03125,9,16,0.27777777777777773,0.368421052631579,9959
78,1.0,0.4607329842931937,11,1,0,1,2,1,0.2827988338192422,0.4761194029850748,0.4358974358974361,0.1333333333333333,0.32583397982932505,2,2,0.23018867924528302,1,19,26,0.09375,52,10,0.3333333333333333,0.42105263157894735,8499
79,1.0,0.2975725844835793,11,1,1,1,2,1,0.2711370262390673,0.4791044776119402,0.5128205128205119,0.20000000000000062,0.5217222653219551,2,2,0.3584905660377358,6,26,33,0.0,18,10,0.16666666666666669,0.21052631578947367,12629
80,1.0,0.2975725844835793,11,1,1,1,2,1,0.2711370262390673,0.4791044776119402,0.5128205128205119,0.20000000000000062,0.5558572536850273,2,2,0.3584905660377358,6,27,33,0.0,18,10,0.16666666666666669,0.21052631578947367,14869
81,1.0,0.2975725844835793,11,1,1,1,2,1,0.2711370262390673,0.4791044776119402,0.5128205128205119,0.20000000000000062,0.5577967416602017,2,2,0.3584905660377358,6,27,33,0.0,18,10,0.16666666666666669,0.21052631578947367,14489
82,0.6000000000000001,0.3141361256544503,11,1,0,0,3,1,0.2827988338192422,0.46716417910447783,0.4358974358974361,0.3166666666666669,0.34018619084561674,2,2,0.23018867924528302,1,19,26,0.09375,52,10,0.3333333333333333,0.42105263157894735,6989
83,0.6000000000000001,0.3141361256544503,11,1,0,0,3,1,0.2827988338192422,0.46716417910447783,0.4358974358974361,0.3166666666666669,0.3557020946470132,2,2,0.23018867924528302,1,19,26,0.09375,52,10,0.3333333333333333,0.42105263157894735,8189
84,0.6000000000000001,0.3141361256544503,11,1,1,0,3,1,0.2827988338192422,0.46716417910447783,0.4358974358974361,0.3166666666666669,0.3549262994569433,2,2,0.1849056603773585,6,12,26,0.03125,9,16,0.27777777777777773,0.368421052631579,9279
85,0.2,0.3769633507853403,11,1,0,0,3,1,0.2827988338192422,0.46716417910447783,0.4358974358974361,0.3166666666666669,0.3549262994569433,2,2,0.1849056603773585,6,12,26,0.03125,9,16,0.27777777777777773,0.368421052631579,9279
86,0.6000000000000001,0.3298429319371728,12,1,0,1,3,1,0.23032069970845503,0.36119402985074656,0.29914529914529897,0.5583333333333331,0.15554693560899924,2,2,0.1358490566037736,1,11,21,0.15000000000000002,42,12,0.49999999999999994,0.5526315789473684,5499
88,0.6000000000000001,0.3298429319371728,12,1,0,1,3,1,0.23032069970845503,0.36119402985074656,0.29914529914529897,0.5583333333333331,0.16679596586501166,2,2,0.1358490566037736,1,11,21,0.15000000000000002,42,12,0.49999999999999994,0.5526315789473684,6649
89,0.6000000000000001,0.29842931937172773,12,1,0,0,3,1,0.23032069970845503,0.36119402985074656,0.29914529914529897,0.5583333333333331,0.17455391776570983,2,2,0.1358490566037736,1,11,21,0.15000000000000002,42,12,0.49999999999999994,0.5526315789473684,6849
90,0.6000000000000001,0.19895287958115188,12,1,0,0,4,1,0.23032069970845503,0.4343283582089552,0.29914529914529897,0.4750000000000001,0.20791311093871212,2,2,0.1358490566037736,1,11,21,0.15000000000000002,42,12,0.49999999999999994,0.5526315789473684,7349
91,0.6000000000000001,0.3298429319371728,12,1,0,1,3,1,0.23032069970845503,0.36119402985074656,0.29914529914529897,0.5583333333333331,0.17959658650116372,2,2,0.1358490566037736,1,11,21,0.15000000000000002,42,12,0.49999999999999994,0.5526315789473684,7299
92,0.6000000000000001,0.3298429319371728,12,1,0,1,2,1,0.23032069970845503,0.3656716417910446,0.29914529914529897,0.4583333333333335,0.20946470131885186,2,2,0.1358490566037736,1,11,21,0.15000000000000002,42,12,0.49999999999999994,0.5526315789473684,7799
93,0.6000000000000001,0.29842931937172773,12,1,0,0,3,1,0.23032069970845503,0.36119402985074656,0.29914529914529897,0.5583333333333331,0.1873545384018619,2,2,0.1358490566037736,1,11,21,0.15000000000000002,42,12,0.49999999999999994,0.5526315789473684,7499
94,0.6000000000000001,0.19895287958115188,12,1,0,0,4,1,0.23032069970845503,0.4343283582089552,0.29914529914529897,0.4750000000000001,0.212955779674166,2,2,0.1358490566037736,1,11,21,0.15000000000000002,42,12,0.49999999999999994,0.5526315789473684,7999
95,0.8,0.5392670157068062,12,1,0,1,1,1,0.24781341107871713,0.31791044776119426,0.29914529914529897,0.4583333333333335,0.20170674941815359,2,2,0.1358490566037736,1,11,21,0.15000000000000002,42,12,0.49999999999999994,0.5526315789473684,8249
96,0.4,0.21465968586387435,12,1,0,0,2,1,0.3090379008746358,0.482089552238806,0.4188034188034191,0.5750000000000006,0.3242823894491854,2,2,0.22264150943396227,1,17,27,0.09375,57,12,0.3888888888888889,0.4736842105263157,8949
97,0.4,0.21465968586387435,12,1,0,0,3,1,0.3090379008746358,0.482089552238806,0.4188034188034191,0.5750000000000006,0.3157486423584174,2,2,0.22264150943396227,1,17,27,0.09375,57,12,0.3888888888888889,0.4736842105263157,9549
98,0.4,0.3298429319371728,12,1,0,0,3,1,0.40233236151603524,0.6059701492537313,0.5299145299145298,0.6083333333333338,0.6233514352211016,4,3,0.45283018867924524,5,21,20,0.125,19,12,0.1111111111111111,0.1578947368421053,13499
99,0.4,0.22513089005235604,12,1,0,0,4,1,0.40233236151603524,0.6492537313432836,0.5299145299145298,0.6916666666666669,0.7013188518231186,4,3,0.45283018867924524,5,21,20,0.125,19,12,0.1111111111111111,0.1578947368421053,14399
100,0.4,0.22513089005235604,12,1,0,0,3,1,0.40233236151603524,0.6492537313432836,0.5299145299145298,0.6083333333333338,0.6097750193948797,4,3,0.45283018867924524,5,21,20,0.125,19,12,0.16666666666666669,0.23684210526315785,13499
101,1.0,0.675392670157068,12,1,0,1,2,2,0.13702623906705558,0.4417910447761191,0.6495726495726499,0.15833333333333366,0.6140418929402638,4,3,0.45283018867924524,5,21,20,0.125,23,12,0.16666666666666669,0.23684210526315785,17199
103,0.6000000000000001,0.869109947643979,12,1,0,1,2,2,0.3673469387755106,0.5582089552238805,0.6495726495726499,0.15833333333333366,0.6404189294026377,4,3,0.45283018867924524,5,21,20,0.125,23,12,0.16666666666666669,0.23684210526315785,18399
104,0.4,0.5026178010471205,13,1,0,0,3,2,0.620991253644315,0.6805970149253731,0.6923076923076925,0.7416666666666667,0.5942591155934833,1,2,0.22264150943396227,5,22,17,0.08750000000000002,57,10,0.16666666666666669,0.21052631578947367,11900
108,0.4,0.5026178010471205,13,1,0,0,3,2,0.620991253644315,0.6805970149253731,0.6923076923076925,0.7416666666666667,0.6155934833204033,1,2,0.22264150943396227,5,22,1,0.08750000000000002,56,10,0.16666666666666669,0.21052631578947367,15580
112,0.4,0.5026178010471205,13,1,0,0,3,2,0.620991253644315,0.6805970149253731,0.6923076923076925,0.7416666666666667,0.6155934833204033,1,2,0.22264150943396227,5,22,17,0.08750000000000002,57,10,0.16666666666666669,0.21052631578947367,16630
114,0.4,0.5026178010471205,13,1,1,0,3,2,0.6239067055393588,0.6805970149253731,0.6837606837606831,0.6833333333333331,0.6369278510473235,1,2,0.27547169811320754,5,29,18,0.0,16,17,0.1388888888888889,0.21052631578947367,18150
115,0.6000000000000001,0.28272251308900526,14,1,0,1,2,1,0.20699708454810528,0.2417910447761198,0.29914529914529897,0.24999999999999956,0.16679596586501166,2,2,0.10943396226415092,1,4,19,0.15000000000000002,41,16,0.6666666666666665,0.6578947368421053,5572
116,0.6000000000000001,0.28272251308900526,14,1,1,1,2,1,0.20699708454810528,0.2417910447761198,0.29914529914529897,0.24999999999999956,0.24825446082234293,2,2,0.139622641509434,6,7,23,0.03749999999999998,2,16,0.3055555555555555,0.368421052631579,7957
117,0.6000000000000001,0.4659685863874346,14,1,0,0,2,1,0.20699708454810528,0.2417910447761198,0.29914529914529897,0.23333333333333384,0.18580294802172226,2,2,0.10943396226415092,1,4,19,0.15000000000000002,41,16,0.49999999999999994,0.5789473684210527,6229
118,0.6000000000000001,0.4659685863874346,14,1,0,0,3,1,0.20699708454810528,0.39104477611940336,0.29914529914529897,0.24999999999999956,0.1943366951124903,2,2,0.10943396226415092,1,4,19,0.15000000000000002,41,16,0.49999999999999994,0.5789473684210527,6692
119,0.6000000000000001,0.4659685863874346,14,1,0,0,3,1,0.20699708454810528,0.39104477611940336,0.29914529914529897,0.24999999999999956,0.2726920093095423,2,2,0.139622641509434,1,4,19,0.15000000000000002,41,16,0.49999999999999994,0.5789473684210527,7609
120,0.2,0.04712041884816753,14,1,0,0,4,1,0.4868804664723032,0.5,0.3675213675213671,0.9999999999999996,0.40612878200155156,2,2,0.23018867924528302,1,19,26,0.09375,52,10,0.3055555555555555,0.368421052631579,8921
121,1.0,0.2975725844835793,14,1,1,1,2,2,0.2711370262390673,0.4791044776119402,0.5128205128205119,0.20000000000000062,0.5159038013964314,2,2,0.3584905660377358,6,27,33,0.0,18,10,0.16666666666666669,0.21052631578947367,12764
122,1.0,0.6335078534031413,15,1,0,1,2,2,0.23032069970845503,0.41492537313432853,0.6837606837606831,0.20000000000000062,0.5003878975950349,2,2,0.33962264150943394,5,37,13,0.15625,17,16,0.16666666666666669,0.2894736842105263,22018
123,1.0,0.2975725844835793,15,1,0,1,1,2,0.08454810495626841,0.41492537313432853,0.40170940170940117,0.3166666666666669,0.49185415050426684,3,3,0.5018867924528303,5,33,8,0.15625,31,19,0.1111111111111111,0.23684210526315785,32528
124,1.0,0.2975725844835793,15,1,0,1,1,2,0.08454810495626841,0.41492537313432853,0.40170940170940117,0.3166666666666669,0.49185415050426684,3,3,0.5018867924528303,5,33,8,0.15625,31,19,0.1111111111111111,0.23684210526315785,34028
126,0.4,0.2975725844835793,16,1,0,0,4,1,0.27696793002915454,0.6029850746268659,0.5299145299145298,0.6166666666666667,0.42319627618308764,2,2,0.2679245283018868,5,22,34,0.10624999999999996,58,22,0.27777777777777773,0.39473684210526316,9295
127,0.8,0.2975725844835793,16,1,0,1,2,1,0.27696793002915454,0.5328358208955226,0.5384615384615374,0.2250000000000001,0.3770364623739333,2,2,0.2679245283018868,5,22,34,0.10624999999999996,58,22,0.27777777777777773,0.39473684210526316,9895
128,1.0,0.44502617801047123,17,1,0,1,2,1,0.36443148688046634,0.6791044776119404,0.5299145299145298,0.6916666666666669,0.45384018619084565,2,2,0.22641509433962265,5,25,10,0.14437500000000003,4,13,0.22222222222222215,0.3157894736842105,11850
129,0.8,0.20418848167539266,17,1,0,0,3,1,0.36443148688046634,0.6791044776119404,0.5299145299145298,0.6916666666666669,0.46819239720713735,2,2,0.22641509433962265,5,25,10,0.14375000000000004,4,13,0.22222222222222215,0.3157894736842105,12170
130,1.0,0.44502617801047123,17,1,0,1,2,1,0.36443148688046634,0.6791044776119404,0.5299145299145298,0.6916666666666669,0.47284716834755613,2,2,0.22641509433962265,5,0,0,0.14375000000000004,4,13,0.22222222222222215,0.3157894736842105,15040
131,0.8,0.20418848167539266,17,1,0,0,3,1,0.36443148688046634,0.6791044776119404,0.5299145299145298,0.6916666666666669,0.4926299456943366,2,2,0.22641509433962265,5,25,10,0.14375000000000004,4,13,0.22222222222222215,0.3157894736842105,15510
132,1.0,0.44502617801047123,17,1,1,1,2,1,0.36443148688046634,0.6791044776119404,0.5299145299145298,0.6916666666666669,0.5120248254460822,0,2,0.22641509433962265,5,25,10,0.125,23,16,0.16666666666666669,0.26315789473684204,18150
133,0.8,0.20418848167539266,17,1,1,0,3,1,0.36443148688046634,0.6791044776119404,0.5299145299145298,0.6916666666666669,0.5271528316524436,0,2,0.22641509433962265,5,25,10,0.125,23,16,0.16666666666666669,0.26315789473684204,18620
134,0.8,0.09424083769633507,18,1,0,1,2,1,0.20699708454810528,0.23582089552238816,0.2649572649572649,0.4916666666666667,0.2179984484096199,3,2,0.1358490566037736,1,30,2,0.125,42,9,0.49999999999999994,0.5263157894736842,5118
135,0.8,0.09424083769633507,18,1,0,1,2,1,0.20699708454810528,0.25074626865671634,0.28205128205128194,0.4916666666666667,0.24515128006206366,3,2,0.17735849056603775,1,30,3,0.10624999999999996,45,4,0.3611111111111111,0.39473684210526316,7053
137,0.4,0.19371727748691098,18,1,0,0,3,1,0.3090379008746358,0.4611940298507462,0.4358974358974361,0.39166666666666705,0.25484871993793634,3,2,0.17735849056603775,1,30,3,0.15625,48,8,0.5277777777777777,0.5526315789473684,7126
138,0.4,0.19371727748691098,18,1,0,0,3,1,0.3090379008746358,0.4611940298507462,0.4358974358974361,0.39166666666666705,0.2723041117145074,3,2,0.17735849056603775,1,30,3,0.15625,48,4,0.4166666666666666,0.4473684210526315,7775
139,0.4,0.19371727748691098,18,1,0,0,3,1,0.3090379008746358,0.4611940298507462,0.4358974358974361,0.39166666666666705,0.33048875096974395,3,2,0.17735849056603775,5,30,3,0.125,55,12,0.3611111111111111,0.42105263157894735,9960
140,0.4,0.19371727748691098,18,1,0,0,3,0,0.3032069970845481,0.4611940298507462,0.4358974358974361,0.5416666666666665,0.3479441427463149,3,2,0.17735849056603775,1,30,3,0.125,48,8,0.3055555555555555,0.23684210526315785,9233
141,0.4,0.19371727748691098,18,1,1,0,3,0,0.3032069970845481,0.4611940298507462,0.4358974358974361,0.5416666666666665,0.39643134212567877,3,2,0.17735849056603775,5,30,3,0.04375000000000001,5,8,0.3055555555555555,0.3421052631578947,11259
142,0.4,0.12565445026178013,18,1,0,0,4,1,0.3032069970845481,0.4835820895522387,0.4358974358974361,0.4333333333333331,0.3110938712179985,3,2,0.17735849056603775,1,30,3,0.125,48,8,0.4166666666666666,0.42105263157894735,7463
143,0.4,0.12565445026178013,18,1,0,0,4,1,0.3032069970845481,0.4835820895522387,0.4358974358974361,0.4333333333333331,0.37509697439875866,3,2,0.17735849056603775,5,30,3,0.125,55,12,0.3333333333333333,0.39473684210526316,10198
144,0.4,0.10471204188481675,18,1,0,0,4,0,0.30029154518950474,0.4850746268656714,0.4358974358974361,0.5916666666666663,0.36152055857253684,3,2,0.17735849056603775,1,30,3,0.125,48,8,0.27777777777777773,0.3421052631578947,8013
146,0.6000000000000001,0.11518324607329844,19,1,0,1,2,1,0.26530612244897966,0.26268656716417915,0.28205128205128194,0.5583333333333331,0.19278510473235067,2,2,0.11698113207547167,1,8,9,0.125,39,8,0.6111111111111112,0.6052631578947367,5348
147,0.6000000000000001,0.11518324607329844,19,1,0,1,2,1,0.26530612244897966,0.26268656716417915,0.28205128205128194,0.5583333333333331,0.21411947245927077,2,2,0.11698113207547167,1,8,9,0.125,39,8,0.49999999999999994,0.5789473684210527,6338
148,0.6000000000000001,0.04712041884816753,19,1,0,0,2,1,0.26530612244897966,0.26268656716417915,0.28205128205128194,0.5583333333333331,0.20442203258339797,2,2,0.11698113207547167,1,8,9,0.125,39,8,0.49999999999999994,0.5789473684210527,6488
149,0.4,0.06282722513089006,19,1,0,0,4,1,0.26530612244897966,0.4268656716417909,0.28205128205128194,0.9416666666666669,0.30721489526764933,2,2,0.11698113207547167,1,8,9,0.125,39,8,0.49999999999999994,0.5526315789473684,6918
150,0.4,0.08376963350785338,19,1,0,0,4,0,0.26530612244897966,0.4268656716417909,0.28205128205128194,0.9416666666666669,0.3110938712179985,2,2,0.11698113207547167,1,8,9,0.125,39,8,0.3888888888888889,0.42105263157894735,7898
151,0.4,0.13612565445026176,19,1,0,0,4,0,0.26530612244897966,0.4268656716417909,0.28205128205128194,0.9416666666666669,0.6291698991466252,2,2,0.11698113207547167,1,8,9,0.125,39,8,0.3888888888888889,0.42105263157894735,8778
152,0.4,0.13612565445026176,19,1,0,0,3,1,0.26530612244897966,0.37611940298507474,0.35042735042735096,0.4333333333333331,0.2300232738557021,2,2,0.139622641509434,1,13,9,0.125,43,8,0.47222222222222215,0.5526315789473684,6938
153,0.4,0.13612565445026176,19,1,0,0,2,1,0.26530612244897966,0.37611940298507474,0.35042735042735096,0.4166666666666665,0.24088440651667964,2,2,0.139622641509434,1,13,9,0.125,43,8,0.47222222222222215,0.5526315789473684,7198
154,0.4,0.13612565445026176,19,0,0,0,3,1,0.26530612244897966,0.37611940298507474,0.35042735042735096,0.4333333333333331,0.3052754072924748,2,2,0.1849056603773585,3,15,22,0.96875,36,5,0.5833333333333333,0.5263157894736842,7898
156,0.4,0.13612565445026176,19,1,0,0,3,1,0.26530612244897966,0.37611940298507474,0.35042735042735096,0.4333333333333331,0.23506594259115587,2,2,0.139622641509434,1,13,9,0.125,43,8,0.6944444444444444,0.8157894736842104,7738
157,0.4,0.13612565445026176,19,1,0,0,2,1,0.26530612244897966,0.37611940298507474,0.35042735042735096,0.4166666666666665,0.24592707525213342,2,2,0.139622641509434,1,13,9,0.125,43,8,0.4166666666666666,0.4736842105263157,8358
158,0.4,0.13612565445026176,19,1,0,0,3,1,0.26530612244897966,0.37611940298507474,0.35042735042735096,0.4166666666666665,0.2529092319627618,2,2,0.139622641509434,1,13,9,0.125,43,8,0.4166666666666666,0.4736842105263157,9258
159,0.6000000000000001,0.5392670157068062,19,1,0,1,3,2,0.23032069970845503,0.4119402985074627,0.316239316239316,0.3999999999999999,0.26415826221877425,2,2,0.139622641509434,1,13,9,0.125,43,8,0.44444444444444436,0.4736842105263157,8058
160,0.6000000000000001,0.5392670157068062,19,1,0,1,2,2,0.23032069970845503,0.4119402985074627,0.316239316239316,0.3999999999999999,0.2777346780449961,2,2,0.139622641509434,1,13,9,0.125,43,8,0.44444444444444436,0.4736842105263157,8238
161,0.6000000000000001,0.5392670157068062,19,1,0,1,3,2,0.23032069970845503,0.4119402985074627,0.316239316239316,0.3999999999999999,0.3013964313421257,0,2,0.139622641509434,5,14,11,0.15000000000000002,6,21,0.3611111111111111,0.3421052631578947,9298
162,0.6000000000000001,0.5392670157068062,19,1,0,1,2,2,0.23032069970845503,0.4119402985074627,0.316239316239316,0.3999999999999999,0.3149728471683475,0,2,0.139622641509434,5,14,11,0.15000000000000002,6,21,0.3611111111111111,0.3421052631578947,9538
163,0.8,0.36125654450261785,19,1,0,1,1,2,0.34402332361516086,0.5238805970149252,0.45299145299145227,0.3500000000000001,0.4080682699767262,2,2,0.32075471698113206,5,30,28,0.14375000000000004,9,8,0.3055555555555555,0.368421052631579,8449
164,0.8,0.36125654450261785,19,1,0,1,1,2,0.34402332361516086,0.5238805970149252,0.45299145299145227,0.3500000000000001,0.40651667959658644,2,2,0.32075471698113206,5,30,28,0.14375000000000004,9,8,0.3055555555555555,0.368421052631579,9639
165,0.8,0.36125654450261785,19,1,0,1,2,2,0.34402332361516086,0.5238805970149252,0.45299145299145227,0.3500000000000001,0.4123351435221102,2,2,0.32075471698113206,5,30,28,0.14375000000000004,9,8,0.3055555555555555,0.368421052631579,9989
166,0.8,0.36125654450261785,19,1,0,1,1,2,0.34402332361516086,0.5238805970149252,0.45299145299145227,0.3500000000000001,0.4619860356865788,2,2,0.32075471698113206,5,30,28,0.14375000000000004,9,8,0.3055555555555555,0.368421052631579,11199
167,0.8,0.36125654450261785,19,1,0,1,2,2,0.34402332361516086,0.5238805970149252,0.45299145299145227,0.3500000000000001,0.4755624515128005,2,2,0.32075471698113206,5,30,28,0.14375000000000004,9,8,0.3055555555555555,0.368421052631579,11549
168,0.8,0.36125654450261785,19,1,0,1,0,2,0.34402332361516086,0.5238805970149252,0.45299145299145227,0.4333333333333331,0.5768037238169124,2,2,0.32075471698113206,5,30,28,0.14375000000000004,9,8,0.3055555555555555,0.368421052631579,17669
169,0.2,0.0,19,1,0,0,3,1,0.46064139941691007,0.5149253731343282,0.5299145299145298,0.5916666666666663,0.3250581846392552,2,2,0.23018867924528302,5,16,30,0.10624999999999996,54,1,0.44444444444444436,0.4736842105263157,8948
171,0.2,0.0,19,1,0,0,2,1,0.46064139941691007,0.5149253731343282,0.5299145299145298,0.5083333333333333,0.35919317300232734,2,2,0.23018867924528302,5,16,30,0.10624999999999996,54,1,0.3888888888888889,0.42105263157894735,9988
172,0.2,0.0,19,1,0,0,3,1,0.46064139941691007,0.5149253731343282,0.5299145299145298,0.5916666666666663,0.35919317300232734,2,2,0.23018867924528302,5,16,30,0.10624999999999996,54,1,0.3888888888888889,0.42105263157894735,10898
173,0.2,0.0,19,1,0,0,2,1,0.46064139941691007,0.5149253731343282,0.5299145299145298,0.5083333333333333,0.3762606671838634,2,2,0.23018867924528302,5,16,30,0.10624999999999996,54,1,0.3888888888888889,0.42105263157894735,11248
174,1.0,0.6910994764397906,19,1,0,1,2,2,0.47521865889212833,0.6328358208955223,0.632478632478632,0.3500000000000001,0.5771916214119472,0,3,0.4150943396226415,5,15,22,0.14375000000000004,24,12,0.19444444444444448,0.21052631578947367,16558
175,1.0,0.6910994764397906,19,1,0,1,2,2,0.47521865889212833,0.6328358208955223,0.632478632478632,0.3500000000000001,0.5927075252133436,0,3,0.4150943396226415,5,15,22,0.14375000000000004,24,12,0.16666666666666669,0.21052631578947367,15998
176,0.2,0.13089005235602097,19,1,0,0,3,2,0.5218658892128283,0.6970149253731344,0.5299145299145298,0.5249999999999999,0.6373157486423584,0,3,0.4150943396226415,5,15,22,0.13749999999999996,22,12,0.19444444444444448,0.21052631578947367,15690
177,0.2,0.2975725844835793,19,1,0,0,4,2,0.5218658892128283,0.6970149253731344,0.5299145299145298,0.5249999999999999,0.6450737005430567,0,3,0.3773584905660377,5,15,22,0.13749999999999996,22,12,0.16666666666666669,0.21052631578947367,15750
179,0.8,0.29842931937172773,20,1,0,1,3,1,0.31195335276967917,0.4567164179104477,0.44444444444444375,0.6583333333333337,0.2796741660201707,2,2,0.18113207547169813,5,13,24,0.125,50,13,0.3888888888888889,0.4736842105263157,7975
181,0.8,0.1518324607329843,20,1,0,0,3,1,0.31195335276967917,0.4567164179104477,0.44444444444444375,0.6583333333333337,0.28083785880527545,2,2,0.18113207547169813,5,13,24,0.125,50,13,0.3888888888888889,0.4736842105263157,8195
182,0.8,0.1518324607329843,20,1,0,0,3,1,0.31195335276967917,0.4567164179104477,0.44444444444444375,0.6583333333333337,0.3052754072924748,2,2,0.18113207547169813,5,13,24,0.125,50,13,0.3888888888888889,0.4736842105263157,8495
184,0.8,0.1518324607329843,20,1,0,0,3,1,0.31195335276967917,0.4567164179104477,0.44444444444444375,0.6583333333333337,0.3149728471683475,2,2,0.18113207547169813,5,13,24,0.1875,0,16,0.3611111111111111,0.42105263157894735,9995
185,1.0,0.2975725844835793,20,1,0,1,0,1,0.23032069970845503,0.27164179104477615,0.33333333333333304,0.6499999999999999,0.29712955779674166,2,2,0.18113207547169813,5,13,24,0.09375,53,16,0.3055555555555555,0.3421052631578947,11595
186,1.0,1.0,20,1,0,1,2,1,0.23032069970845503,0.3671641791044773,0.316239316239316,0.30000000000000027,0.2843289371605896,2,2,0.18113207547169813,5,13,24,0.09375,53,16,0.3055555555555555,0.3421052631578947,9980
187,0.4,0.2975725844835793,20,1,0,0,3,1,0.40233236151603524,0.5835820895522388,0.5641025641025639,0.6083333333333338,0.4550038789759503,2,1,0.2830188679245283,5,13,24,0.09375,4,16,0.16666666666666669,0.21052631578947367,13295
189,0.4,0.2975725844835793,20,1,0,0,4,1,0.40233236151603524,0.6268656716417911,0.5641025641025639,0.6083333333333338,0.4169899146625291,2,2,0.18113207547169813,5,13,24,0.125,52,16,0.3333333333333333,0.39473684210526316,12290
190,0.0,0.19895287958115188,21,1,0,0,3,2,0.5160349854227406,0.711940298507463,0.5897435897435894,0.7000000000000006,0.5523661753297129,2,2,0.3018867924528302,5,35,15,0.15625,7,15,0.27777777777777773,0.3157894736842105,12940
191,0.2,0.04712041884816753,21,1,0,0,4,2,0.5160349854227406,0.711940298507463,0.5897435897435894,0.8083333333333331,0.5996896819239721,2,2,0.3018867924528302,5,35,15,0.15625,7,15,0.27777777777777773,0.3157894736842105,13415
192,0.0,0.19895287958115188,21,1,0,0,3,2,0.5160349854227406,0.711940298507463,0.5897435897435894,0.7000000000000006,0.5612878200155158,2,2,0.3018867924528302,5,35,15,0.15625,7,15,0.3055555555555555,0.3157894736842105,15985
193,0.2,0.04712041884816753,21,1,0,0,4,2,0.5160349854227406,0.711940298507463,0.5897435897435894,0.8083333333333331,0.6027928626842514,2,2,0.3018867924528302,5,35,15,0.15625,7,15,0.3055555555555555,0.3157894736842105,16515
194,0.0,0.19895287958115188,21,1,1,0,3,2,0.5160349854227406,0.711940298507463,0.5897435897435894,0.7000000000000006,0.603956555469356,2,2,0.26037735849056604,5,30,15,0.03125,25,11,0.1111111111111111,0.1578947368421053,18420
195,0.2,0.04712041884816753,21,1,1,0,4,2,0.5160349854227406,0.711940298507463,0.5897435897435894,0.8083333333333331,0.6474010861132662,2,2,0.26037735849056604,5,30,15,0.03125,25,11,0.1111111111111111,0.1578947368421053,18950
196,0.2,0.15706806282722513,21,1,0,0,3,2,0.6559766763848396,0.711940298507463,0.7350427350427351,0.641666666666667,0.5678820791311094,2,2,0.3018867924528302,5,35,15,0.15625,7,15,0.27777777777777773,0.3157894736842105,16845
197,0.2,0.15706806282722513,21,1,1,0,3,2,0.6559766763848396,0.711940298507463,0.7264957264957257,0.641666666666667,0.6055081458494957,2,2,0.3018867924528302,5,35,15,0.10624999999999996,23,14,0.16666666666666669,0.23684210526315785,19045
198,0.2,0.15706806282722513,21,1,0,0,3,2,0.6559766763848396,0.711940298507463,0.7350427350427351,0.641666666666667,0.591155934833204,4,3,0.4226415094339622,5,26,7,0.11250000000000004,13,16,0.1388888888888889,0.1842105263157895,21485
200,0.2,0.15706806282722513,21,1,1,0,3,2,0.6559766763848396,0.711940298507463,0.7350427350427351,0.641666666666667,0.6105508145849496,2,2,0.3018867924528302,5,35,15,0.15625,7,15,0.16666666666666669,0.23684210526315785,22625
201,0.2,0.15706806282722513,21,1,1,0,3,2,0.6559766763848396,0.711940298507463,0.7350427350427351,0.641666666666667,0.6105508145849496,2,2,0.3018867924528302,5,35,15,0.15625,7,15,0.16666666666666669,0.23684210526315785,22625
