,Survived,Pclass,Age,SibSp,Parch,Fare,female,male,CA. 2343,1601,347082,3101295,347088,CA 2144,S.O.C. 14879,382652,LINE,PC 17757,C23 C25 C27,G6,B96 B98,C22 C26,D,F33,E101,F2,B49,E25,S,C,Q
0,0,1.0,0.2711736617240512,0.125,0.0,0.014151057562208049,0,1,0,0,0,0,0,0,0,0,0,0,1,0,0,0,0,0,0,0,0,0,1,0,0
2,1,1.0,0.32143754712239253,0.0,0.0,0.015468569817999833,1,0,0,0,0,0,0,0,0,0,0,0,1,0,0,0,0,0,0,0,0,0,1,0,0
3,1,0.0,0.4345312892686604,0.125,0.0,0.10364429745562033,1,0,0,0,0,0,0,0,0,0,0,0,0,0,0,0,0,0,0,0,0,0,1,0,0
4,0,1.0,0.4345312892686604,0.0,0.0,0.015712553569072387,0,1,0,0,0,0,0,0,0,0,0,0,1,0,0,0,0,0,0,0,0,0,1,0,0
5,0,1.0,0.36792055349407915,0.0,0.0,0.01650950209357577,0,1,0,0,0,0,0,0,0,0,0,0,1,0,0,0,0,0,0,0,0,0,0,0,1
6,0,0.0,0.6732847449107816,0.0,0.0,0.10122885832000206,0,1,0,0,0,0,0,0,0,0,0,0,0,0,0,0,0,0,0,0,0,0,1,0,0
7,0,1.0,0.01985423473234481,0.375,0.16666666666666666,0.04113566043083236,0,1,0,0,0,0,0,0,0,0,0,0,1,0,0,0,0,0,0,0,0,0,1,0,0
8,1,1.0,0.33400351847197784,0.0,0.3333333333333333,0.021730754366528396,1,0,0,0,0,0,0,0,0,0,0,0,1,0,0,0,0,0,0,0,0,0,1,0,0
11,1,0.0,0.723548630309123,0.0,0.0,0.051822148727810165,1,0,0,0,0,0,0,0,0,0,0,0,0,0,0,0,0,0,0,0,0,0,1,0,0
12,0,1.0,0.24604171902488062,0.0,0.0,0.015712553569072387,0,1,0,0,0,0,0,0,0,0,0,0,1,0,0,0,0,0,0,0,0,0,1,0,0
14,0,1.0,0.17064589092736868,0.0,0.0,0.015330377421392339,1,0,0,0,0,0,0,0,0,0,0,0,1,0,0,0,0,0,0,0,0,0,1,0,0
15,1,0.5,0.685850716260367,0.0,0.0,0.03122992013728673,1,0,0,0,0,0,0,0,0,0,0,0,1,0,0,0,0,0,0,0,0,0,1,0,0
17,1,0.5,0.36792055349407915,0.0,0.0,0.025374310111545468,0,1,0,0,0,0,0,0,0,0,0,0,1,0,0,0,0,0,0,0,0,0,1,0,0
18,0,1.0,0.38426740387031916,0.125,0.0,0.03513366015444757,1,0,0,0,0,0,0,0,0,0,0,0,1,0,0,0,0,0,0,0,0,0,1,0,0
19,1,1.0,0.36792055349407915,0.0,0.0,0.014102260811993537,1,0,0,0,0,0,0,0,0,0,0,0,1,0,0,0,0,0,0,0,0,0,0,1,0
20,0,0.5,0.4345312892686604,0.0,0.0,0.050748620223090936,0,1,0,0,0,0,0,0,0,0,0,0,1,0,0,0,0,0,0,0,0,0,1,0,0
21,1,0.5,0.4219653179190751,0.0,0.0,0.025374310111545468,0,1,0,0,0,0,0,0,0,0,0,0,0,0,0,0,0,0,0,0,0,0,1,0,0
22,1,1.0,0.18321186227695402,0.0,0.0,0.015671954672893913,1,0,0,0,0,0,0,0,0,0,0,0,1,0,0,0,0,0,0,0,0,0,0,0,1
23,1,0.0,0.34656948982156316,0.0,0.0,0.06929138530460494,0,1,0,0,0,0,0,0,0,0,0,0,0,0,0,0,0,0,0,0,0,0,1,0,0
24,0,1.0,0.09525006282985675,0.375,0.16666666666666666,0.04113566043083236,1,0,0,0,0,0,0,0,0,0,0,0,1,0,0,0,0,0,0,0,0,0,1,0,0
25,1,1.0,0.4722292033174164,0.125,0.8333333333333333,0.06126431989431795,1,0,0,0,0,0,0,0,0,0,0,0,1,0,0,0,0,0,0,0,0,0,1,0,0
26,0,1.0,0.36792055349407915,0.0,0.0,0.014102260811993537,0,1,0,0,0,0,0,0,0,0,0,0,1,0,0,0,0,0,0,0,0,0,0,1,0
28,1,1.0,0.36792055349407915,0.0,0.0,0.01537917417160685,1,0,0,0,0,0,0,0,0,0,0,0,1,0,0,0,0,0,0,0,0,0,0,0,1
29,0,1.0,0.36792055349407915,0.0,0.0,0.015411575213749286,0,1,0,0,0,0,0,0,0,0,0,0,1,0,0,0,0,0,0,0,0,0,1,0,0
30,0,0.0,0.49736114601658704,0.0,0.0,0.05410739813385612,0,1,0,0,0,0,0,0,0,0,0,0,1,0,0,0,0,0,0,0,0,0,0,1,0
32,1,1.0,0.36792055349407915,0.0,0.0,0.015126992566498259,1,0,0,0,0,0,0,0,0,0,0,0,1,0,0,0,0,0,0,0,0,0,0,0,1
33,0,0.5,0.8240764011058055,0.0,0.0,0.020494635090094415,0,1,0,0,0,0,0,0,0,0,0,0,1,0,0,0,0,0,0,0,0,0,1,0,0
35,0,0.0,0.5224930887157577,0.125,0.0,0.10149724044618187,0,1,0,0,0,0,0,0,0,0,0,0,1,0,0,0,0,0,0,0,0,0,1,0,0
36,1,1.0,0.36792055349407915,0.0,0.0,0.014110458666029575,0,1,0,0,0,0,0,0,0,0,0,0,1,0,0,0,0,0,0,0,0,0,0,1,0
37,0,1.0,0.2586076903744659,0.0,0.0,0.015712553569072387,0,1,0,0,0,0,0,0,0,0,0,0,1,0,0,0,0,0,0,0,0,0,1,0,0
38,0,1.0,0.22090977632571,0.25,0.0,0.03513366015444757,1,0,0,0,0,0,0,0,0,0,0,0,1,0,0,0,0,0,0,0,0,0,1,0,0
39,1,1.0,0.17064589092736868,0.125,0.0,0.021942337075458514,1,0,0,0,0,0,0,0,0,0,0,0,1,0,0,0,0,0,0,0,0,0,0,1,0
40,0,1.0,0.49736114601658704,0.125,0.0,0.018493968331299484,1,0,0,0,0,0,0,0,0,0,0,0,1,0,0,0,0,0,0,0,0,0,1,0,0
41,0,0.5,0.33400351847197784,0.125,0.0,0.04098927018018883,1,0,0,0,0,0,0,0,0,0,0,0,1,0,0,0,0,0,0,0,0,0,1,0,0
42,0,1.0,0.36792055349407915,0.0,0.0,0.015411575213749286,0,1,0,0,0,0,0,0,0,0,0,0,1,0,0,0,0,0,0,0,0,0,0,1,0
44,1,1.0,0.2334757476752953,0.0,0.0,0.01537917417160685,1,0,0,0,0,0,0,0,0,0,0,0,1,0,0,0,0,0,0,0,0,0,0,0,1
45,0,1.0,0.36792055349407915,0.0,0.0,0.015712553569072387,0,1,0,0,0,0,0,0,0,0,0,0,1,0,0,0,0,0,0,0,0,0,1,0,0
46,0,1.0,0.36792055349407915,0.125,0.0,0.030253985132996517,0,1,0,0,0,0,0,0,0,0,0,0,1,0,0,0,0,0,0,0,0,0,0,0,1
47,1,1.0,0.36792055349407915,0.0,0.0,0.015126992566498259,1,0,0,0,0,0,0,0,0,0,0,0,1,0,0,0,0,0,0,0,0,0,0,0,1
48,0,1.0,0.36792055349407915,0.25,0.0,0.04231498029001666,0,1,0,0,0,0,0,0,0,0,0,0,1,0,0,0,0,0,0,0,0,0,0,1,0
49,0,1.0,0.22090977632571,0.125,0.0,0.034743286152731485,1,0,0,0,0,0,0,0,0,0,0,0,1,0,0,0,0,0,0,0,0,0,1,0,0
51,0,1.0,0.2586076903744659,0.0,0.0,0.01522458606692728,0,1,0,0,0,0,0,0,0,0,0,0,1,0,0,0,0,0,0,0,0,0,1,0,0
53,1,0.5,0.35913546117114853,0.125,0.0,0.050748620223090936,1,0,0,0,0,0,0,0,0,0,0,0,1,0,0,0,0,0,0,0,0,0,1,0,0
55,1,0.0,0.36792055349407915,0.0,0.0,0.06929138530460494,0,1,0,0,0,0,0,0,0,0,0,0,0,0,0,0,0,0,0,0,0,0,1,0,0
56,1,0.5,0.2586076903744659,0.0,0.0,0.020494635090094415,1,0,0,0,0,0,0,0,0,0,0,0,1,0,0,0,0,0,0,0,0,0,1,0,0
57,0,1.0,0.35285247549635584,0.0,0.0,0.014110458666029575,0,1,0,0,0,0,0,0,0,0,0,0,1,0,0,0,0,0,0,0,0,0,0,1,0
58,1,0.5,0.05755214878110078,0.125,0.3333333333333333,0.05416439273810667,1,0,0,0,0,0,0,0,0,0,0,0,1,0,0,0,0,0,0,0,0,0,1,0,0
60,0,1.0,0.2711736617240512,0.0,0.0,0.014110458666029575,0,1,0,0,0,0,0,0,0,0,0,0,1,0,0,0,0,0,0,0,0,0,0,1,0
61,1,0.0,0.4722292033174164,0.0,0.0,0.15614960068643363,1,0,0,0,0,0,0,0,0,0,0,0,0,0,0,0,0,0,0,0,0,0,1,0,0
62,0,0.0,0.5601910027645137,0.125,0.0,0.16293234896625058,0,1,0,0,0,0,0,0,0,0,0,0,0,0,0,0,0,0,0,0,0,0,1,0,0
64,0,0.0,0.36792055349407915,0.0,0.0,0.05410739813385612,0,1,0,0,0,0,0,0,0,0,0,0,1,0,0,0,0,0,0,0,0,0,0,1,0
65,1,1.0,0.36792055349407915,0.125,0.16666666666666666,0.029757819776815374,0,1,0,0,0,0,0,0,0,0,0,0,1,0,0,0,0,0,0,0,0,0,0,1,0
67,0,1.0,0.2334757476752953,0.0,0.0,0.015923941091001644,0,1,0,0,0,0,0,0,0,0,0,0,1,0,0,0,0,0,0,0,0,0,1,0,0
68,1,1.0,0.20834380497612465,0.5,0.3333333333333333,0.015468569817999833,1,0,0,0,0,0,0,0,0,0,0,0,1,0,0,0,0,0,0,0,0,0,1,0,0
69,0,1.0,0.32143754712239253,0.25,0.0,0.016908073949327893,0,1,0,0,0,0,0,0,0,0,0,0,1,0,0,0,0,0,0,0,0,0,1,0,0
70,0,0.5,0.39683337521990447,0.0,0.0,0.020494635090094415,0,1,0,0,0,0,0,0,0,0,0,0,1,0,0,0,0,0,0,0,0,0,1,0,0
73,0,1.0,0.32143754712239253,0.125,0.0,0.028212719478023115,0,1,0,0,0,0,0,0,0,0,0,0,1,0,0,0,0,0,0,0,0,0,0,1,0
74,1,1.0,0.39683337521990447,0.0,0.0,0.11027245763075773,0,1,0,1,0,0,0,0,0,0,0,0,1,0,0,0,0,0,0,0,0,0,1,0,0
75,0,1.0,0.3088715757728072,0.0,0.0,0.014931805565640218,0,1,0,0,0,0,0,0,0,0,0,0,0,0,0,0,0,0,0,0,0,0,1,0,0
76,0,1.0,0.36792055349407915,0.0,0.0,0.015411575213749286,0,1,0,0,0,0,0,0,0,0,0,0,1,0,0,0,0,0,0,0,0,0,1,0,0
77,0,1.0,0.36792055349407915,0.0,0.0,0.015712553569072387,0,1,0,0,0,0,0,0,0,0,0,0,1,0,0,0,0,0,0,0,0,0,1,0,0
78,1,0.5,0.005152048253329982,0.0,0.3333333333333333,0.056604230248832196,0,1,0,0,0,0,0,0,0,0,0,0,1,0,0,0,0,0,0,0,0,0,1,0,0
79,1,1.0,0.37170143252073384,0.0,0.0,0.024349578357040744,1,0,0,0,0,0,0,0,0,0,0,0,1,0,0,0,0,0,0,0,0,0,1,0,0
80,0,1.0,0.2711736617240512,0.0,0.0,0.017566830077223785,0,1,0,0,0,0,0,0,0,0,0,0,1,0,0,0,0,0,0,0,0,0,1,0,0
81,1,1.0,0.35913546117114853,0.0,0.0,0.018542765081513996,0,1,0,0,0,0,0,0,0,0,0,0,1,0,0,0,0,0,0,0,0,0,1,0,0
82,1,1.0,0.36792055349407915,0.0,0.0,0.015200187691820024,1,0,0,0,0,0,0,0,0,0,0,0,1,0,0,0,0,0,0,0,0,0,0,0,1
83,0,0.0,0.34656948982156316,0.0,0.0,0.09193307740413781,0,1,0,0,0,0,0,0,0,0,0,0,1,0,0,0,0,0,0,0,0,0,1,0,0
84,1,0.5,0.20834380497612465,0.0,0.0,0.020494635090094415,1,0,0,0,0,0,0,0,0,0,0,0,1,0,0,0,0,0,0,0,0,0,1,0,0
85,1,1.0,0.4093993465694898,0.375,0.0,0.030937139635999665,1,0,0,0,0,0,0,0,0,0,0,0,1,0,0,0,0,0,0,0,0,0,1,0,0
86,0,1.0,0.19577783362653933,0.125,0.5,0.06709553154495196,0,1,0,0,0,0,0,0,0,0,0,0,1,0,0,0,0,0,0,0,0,0,1,0,0
87,0,1.0,0.36792055349407915,0.0,0.0,0.015712553569072387,0,1,0,0,0,0,0,0,0,0,0,0,1,0,0,0,0,0,0,0,0,0,1,0,0
89,0,1.0,0.2963056044232219,0.0,0.0,0.015712553569072387,0,1,0,0,0,0,0,0,0,0,0,0,1,0,0,0,0,0,0,0,0,0,1,0,0
90,0,1.0,0.35913546117114853,0.0,0.0,0.015712553569072387,0,1,0,0,0,0,0,0,0,0,0,0,1,0,0,0,0,0,0,0,0,0,1,0,0
91,0,1.0,0.24604171902488062,0.0,0.0,0.015330377421392339,0,1,0,0,0,0,0,0,0,0,0,0,1,0,0,0,0,0,0,0,0,0,1,0,0
92,0,0.0,0.5727569741140991,0.125,0.0,0.11940564777490723,0,1,0,0,0,0,0,0,0,0,0,0,0,0,0,0,0,0,0,0,0,0,1,0,0
93,0,1.0,0.32143754712239253,0.125,0.3333333333333333,0.04015972542654215,0,1,0,0,0,0,0,0,0,0,0,0,1,0,0,0,0,0,0,0,0,0,1,0,0
94,0,1.0,0.7361146016587082,0.0,0.0,0.014151057562208049,0,1,0,0,0,0,0,0,0,0,0,0,1,0,0,0,0,0,0,0,0,0,1,0,0
95,0,1.0,0.36792055349407915,0.0,0.0,0.015712553569072387,0,1,0,0,0,0,0,0,0,0,0,0,1,0,0,0,0,0,0,0,0,0,1,0,0
98,1,0.5,0.4219653179190751,0.0,0.16666666666666666,0.044893010197349675,1,0,0,0,0,0,0,0,0,0,0,0,1,0,0,0,0,0,0,0,0,0,1,0,0
99,0,0.5,0.4219653179190751,0.125,0.0,0.050748620223090936,0,1,0,0,0,0,0,0,0,0,0,0,1,0,0,0,0,0,0,0,0,0,1,0,0
100,0,1.0,0.34656948982156316,0.0,0.0,0.015411575213749286,1,0,0,0,0,0,0,0,0,0,0,0,1,0,0,0,0,0,0,0,0,0,1,0,0
101,0,1.0,0.36792055349407915,0.0,0.0,0.015411575213749286,0,1,0,0,0,0,0,0,0,0,0,0,1,0,0,0,0,0,0,0,0,0,1,0,0
102,0,0.0,0.2586076903744659,0.0,0.16666666666666666,0.15085515328815924,0,1,0,0,0,0,0,0,0,0,0,0,0,0,0,0,0,0,0,0,0,0,1,0,0
103,0,1.0,0.4093993465694898,0.0,0.0,0.016891873428256675,0,1,0,0,0,0,0,0,0,0,0,0,1,0,0,0,0,0,0,0,0,0,1,0,0
104,0,1.0,0.4596632319678311,0.25,0.0,0.015468569817999833,0,1,0,0,0,0,0,0,0,0,0,0,1,0,0,0,0,0,0,0,0,0,1,0,0
105,0,1.0,0.34656948982156316,0.0,0.0,0.015411575213749286,0,1,0,0,0,0,0,0,0,0,0,0,1,0,0,0,0,0,0,0,0,0,1,0,0
106,1,1.0,0.2586076903744659,0.0,0.0,0.014931805565640218,1,0,0,0,0,0,0,0,0,0,0,0,1,0,0,0,0,0,0,0,0,0,1,0,0
107,1,1.0,0.36792055349407915,0.0,0.0,0.015175789316712771,0,1,0,0,0,0,0,0,0,0,0,0,1,0,0,0,0,0,0,0,0,0,1,0,0
108,0,1.0,0.4722292033174164,0.0,0.0,0.015411575213749286,0,1,0,0,0,0,0,0,0,0,0,0,1,0,0,0,0,0,0,0,0,0,1,0,0
110,0,0.0,0.5853229454636844,0.0,0.0,0.10149724044618187,0,1,0,0,0,0,0,0,0,0,0,0,0,0,0,0,0,0,0,0,0,0,1,0,0
111,0,1.0,0.17692887660216136,0.125,0.0,0.028212719478023115,1,0,0,0,0,0,0,0,0,0,0,0,1,0,0,0,0,0,0,0,0,0,0,1,0
112,0,1.0,0.2711736617240512,0.0,0.0,0.015712553569072387,0,1,0,0,0,0,0,0,0,0,0,0,1,0,0,0,0,0,0,0,0,0,1,0,0
113,0,1.0,0.24604171902488062,0.125,0.0,0.019177122834302632,1,0,0,0,0,0,0,0,0,0,0,0,1,0,0,0,0,0,0,0,0,0,1,0,0
114,0,1.0,0.20834380497612465,0.0,0.0,0.028220722145058292,1,0,0,0,0,0,0,0,0,0,0,0,1,0,0,0,0,0,0,0,0,0,0,1,0
115,0,1.0,0.2586076903744659,0.0,0.0,0.015468569817999833,0,1,0,0,0,0,0,0,0,0,0,0,1,0,0,0,0,0,0,0,0,0,1,0,0
117,0,0.5,0.35913546117114853,0.125,0.0,0.04098927018018883,0,1,0,0,0,0,0,0,0,0,0,0,1,0,0,0,0,0,0,0,0,0,1,0,0
121,0,1.0,0.36792055349407915,0.0,0.0,0.015712553569072387,0,1,0,0,0,0,0,0,0,0,0,0,1,0,0,0,0,0,0,0,0,0,1,0,0
122,0,0.5,0.40311636089469716,0.125,0.0,0.058694292654020104,0,1,0,0,0,0,0,0,0,0,0,0,1,0,0,0,0,0,0,0,0,0,0,1,0
124,0,0.0,0.6732847449107816,0.0,0.16666666666666666,0.15085515328815924,0,1,0,0,0,0,0,0,0,0,0,0,0,0,0,0,0,0,0,0,0,0,1,0,0
125,1,1.0,0.14551394822819805,0.125,0.0,0.021942337075458514,0,1,0,0,0,0,0,0,0,0,0,0,1,0,0,0,0,0,0,0,0,0,0,1,0
126,0,1.0,0.36792055349407915,0.0,0.0,0.015126992566498259,0,1,0,0,0,0,0,0,0,0,0,0,1,0,0,0,0,0,0,0,0,0,0,0,1
127,1,1.0,0.2963056044232219,0.0,0.0,0.01393967004027879,0,1,0,0,0,0,0,0,0,0,0,0,1,0,0,0,0,0,0,0,0,0,1,0,0
129,0,1.0,0.5601910027645137,0.0,0.0,0.013614293309848433,0,1,0,0,0,0,0,0,0,0,0,0,1,0,0,0,0,0,0,0,0,0,1,0,0
130,0,1.0,0.4093993465694898,0.0,0.0,0.015411575213749286,0,1,0,0,0,0,0,0,0,0,0,0,1,0,0,0,0,0,0,0,0,0,0,1,0
131,0,1.0,0.24604171902488062,0.0,0.0,0.013760683560491965,0,1,0,0,0,0,0,0,0,0,0,0,1,0,0,0,0,0,0,0,0,0,1,0,0
132,0,1.0,0.5853229454636844,0.125,0.0,0.028302115124416098,1,0,0,0,0,0,0,0,0,0,0,0,1,0,0,0,0,0,0,0,0,0,1,0,0
133,1,0.5,0.35913546117114853,0.125,0.0,0.050748620223090936,1,0,0,0,0,0,0,0,0,0,0,0,1,0,0,0,0,0,0,0,0,0,1,0,0
134,0,0.5,0.3088715757728072,0.0,0.0,0.025374310111545468,0,1,0,0,0,0,0,0,0,0,0,0,1,0,0,0,0,0,0,0,0,0,1,0,0
135,0,0.5,0.2837396330736366,0.0,0.0,0.02936744577509929,0,1,0,0,0,0,0,0,0,0,0,0,1,0,0,0,0,0,0,0,0,0,0,1,0
136,1,0.0,0.2334757476752953,0.0,0.3333333333333333,0.051301584996521765,1,0,0,0,0,0,0,0,0,0,0,0,0,0,0,0,0,0,0,0,0,0,1,0,0
137,0,0.0,0.4596632319678311,0.125,0.0,0.10364429745562033,0,1,0,0,0,0,0,0,0,0,0,0,0,0,0,0,0,0,0,0,0,0,1,0,0
138,0,1.0,0.19577783362653933,0.0,0.0,0.01798980030808316,0,1,0,0,0,0,0,0,0,0,0,0,1,0,0,0,0,0,0,0,0,0,1,0,0
141,1,1.0,0.2711736617240512,0.0,0.0,0.015126992566498259,1,0,0,0,0,0,0,0,0,0,0,0,1,0,0,0,0,0,0,0,0,0,1,0,0
142,1,1.0,0.2963056044232219,0.125,0.0,0.030937139635999665,1,0,0,0,0,0,0,0,0,0,0,0,1,0,0,0,0,0,0,0,0,0,1,0,0
143,0,1.0,0.2334757476752953,0.0,0.0,0.013175122557917838,0,1,0,0,0,0,0,0,0,0,0,0,1,0,0,0,0,0,0,0,0,0,0,0,1
144,0,0.5,0.22090977632571,0.0,0.0,0.022446505098674838,0,1,0,0,0,0,0,0,0,0,0,0,1,0,0,0,0,0,0,0,0,0,1,0,0
145,0,0.5,0.2334757476752953,0.125,0.16666666666666666,0.07173122281533045,0,1,0,0,0,0,0,0,0,0,0,0,1,0,0,0,0,0,0,0,0,0,1,0,0
146,1,1.0,0.33400351847197784,0.0,0.0,0.015216388212891242,0,1,0,0,0,0,0,0,0,0,0,0,1,0,0,0,0,0,0,0,0,0,1,0,0
147,0,1.0,0.10781603417944208,0.25,0.3333333333333333,0.06709553154495196,1,0,0,0,0,0,0,0,0,0,0,0,1,0,0,0,0,0,0,0,0,0,1,0,0
149,0,0.5,0.5224930887157577,0.0,0.0,0.025374310111545468,0,1,0,0,0,0,0,0,0,0,0,0,1,0,0,0,0,0,0,0,0,0,1,0,0
150,0,0.5,0.6355868308620256,0.0,0.0,0.02444717185746977,0,1,0,0,0,0,0,0,0,0,0,0,1,0,0,0,0,0,0,0,0,0,1,0,0
151,1,0.0,0.2711736617240512,0.125,0.0,0.12999454257145598,1,0,0,0,0,0,0,0,0,0,0,0,0,0,0,0,0,0,0,0,0,0,1,0,0
152,0,1.0,0.6921337019351597,0.0,0.0,0.015712553569072387,0,1,0,0,0,0,0,0,0,0,0,0,1,0,0,0,0,0,0,0,0,0,1,0,0
153,0,1.0,0.5036441316913798,0.0,0.3333333333333333,0.028302115124416098,0,1,0,0,0,0,0,0,0,0,0,0,1,0,0,0,0,0,0,0,0,0,1,0,0
154,0,1.0,0.36792055349407915,0.0,0.0,0.014273049437744325,0,1,0,0,0,0,0,0,0,0,0,0,1,0,0,0,0,0,0,0,0,0,1,0,0
156,1,1.0,0.19577783362653933,0.0,0.0,0.015094396337354966,1,0,0,0,0,0,0,0,0,0,0,0,1,0,0,0,0,0,0,0,0,0,0,0,1
157,0,1.0,0.37170143252073384,0.0,0.0,0.015712553569072387,0,1,0,0,0,0,0,0,0,0,0,0,1,0,0,0,0,0,0,0,0,0,1,0,0
158,0,1.0,0.36792055349407915,0.0,0.0,0.016908073949327893,0,1,0,0,0,0,0,0,0,0,0,0,1,0,0,0,0,0,0,0,0,0,1,0,0
160,0,1.0,0.5476250314149284,0.0,0.16666666666666666,0.031425107138144774,0,1,0,0,0,0,0,0,0,0,0,0,1,0,0,0,0,0,0,0,0,0,1,0,0
161,1,0.5,0.49736114601658704,0.0,0.0,0.030741952635141623,1,0,0,0,0,0,0,0,0,0,0,0,1,0,0,0,0,0,0,0,0,0,1,0,0
162,0,1.0,0.32143754712239253,0.0,0.0,0.015175789316712771,0,1,0,0,0,0,0,0,0,0,0,0,1,0,0,0,0,0,0,0,0,0,1,0,0
163,0,1.0,0.20834380497612465,0.0,0.0,0.016908073949327893,0,1,0,0,0,0,0,0,0,0,0,0,1,0,0,0,0,0,0,0,0,0,1,0,0
165,1,1.0,0.10781603417944208,0.0,0.3333333333333333,0.04006213192611313,0,1,0,0,0,0,0,0,0,0,0,0,1,0,0,0,0,0,0,0,0,0,1,0,0
166,1,0.0,0.36792055349407915,0.0,0.16666666666666666,0.10735285047192313,1,0,0,0,0,0,0,0,0,0,0,0,0,0,0,0,0,0,0,0,0,0,1,0,0
168,0,0.0,0.36792055349407915,0.0,0.0,0.050602229972447406,0,1,0,0,0,0,0,0,0,0,0,0,1,0,0,0,0,0,0,0,0,0,1,0,0
169,0,1.0,0.34656948982156316,0.0,0.0,0.11027245763075773,0,1,0,1,0,0,0,0,0,0,0,0,1,0,0,0,0,0,0,0,0,0,1,0,0
170,0,0.0,0.7612465443578789,0.0,0.0,0.06538764528744409,0,1,0,0,0,0,0,0,0,0,0,0,0,0,0,0,0,0,0,0,0,0,1,0,0
172,1,1.0,0.007288263382759488,0.125,0.16666666666666666,0.021730754366528396,1,0,0,0,0,0,0,0,0,0,0,0,1,0,0,0,0,0,0,0,0,0,1,0,0
173,0,1.0,0.2586076903744659,0.0,0.0,0.015468569817999833,0,1,0,0,0,0,0,0,0,0,0,0,1,0,0,0,0,0,0,0,0,0,1,0,0
175,0,1.0,0.22090977632571,0.125,0.16666666666666666,0.015330377421392339,0,1,0,0,0,0,0,0,0,0,0,0,1,0,0,0,0,0,0,0,0,0,1,0,0
176,0,1.0,0.36792055349407915,0.375,0.16666666666666666,0.049707687947515,0,1,0,0,0,0,0,0,0,0,0,0,1,0,0,0,0,0,0,0,0,0,1,0,0
178,0,0.5,0.37170143252073384,0.0,0.0,0.025374310111545468,0,1,0,0,0,0,0,0,0,0,0,0,1,0,0,0,0,0,0,0,0,0,1,0,0
179,0,1.0,0.4470972606182458,0.0,0.0,0.0,0,1,0,0,0,0,0,0,0,0,1,0,1,0,0,0,0,0,0,0,0,0,1,0,0
181,0,0.5,0.36792055349407915,0.0,0.0,0.02937564362913533,0,1,0,0,0,0,0,0,0,0,0,0,1,0,0,0,0,0,0,0,0,0,0,1,0
182,0,1.0,0.10781603417944208,0.5,0.3333333333333333,0.06126431989431795,0,1,0,0,0,0,0,0,0,0,0,0,1,0,0,0,0,0,0,0,0,0,1,0,0
184,1,1.0,0.04498617743151546,0.0,0.3333333333333333,0.04298993693898376,1,0,0,0,0,0,0,0,0,0,0,0,1,0,0,0,0,0,0,0,0,0,1,0,0
185,0,0.0,0.36792055349407915,0.0,0.0,0.09759350042902103,0,1,0,0,0,0,0,0,0,0,0,0,0,0,0,0,0,0,0,0,0,0,1,0,0
186,1,1.0,0.36792055349407915,0.125,0.0,0.030253985132996517,1,0,0,0,0,0,0,0,0,0,0,0,1,0,0,0,0,0,0,0,0,0,0,0,1
187,1,0.0,0.5601910027645137,0.0,0.0,0.051822148727810165,0,1,0,0,0,0,0,0,0,0,0,0,1,0,0,0,0,0,0,0,0,0,1,0,0
189,0,1.0,0.4470972606182458,0.0,0.0,0.015411575213749286,0,1,0,0,0,0,0,0,0,0,0,0,1,0,0,0,0,0,0,0,0,0,1,0,0
190,1,0.5,0.39683337521990447,0.0,0.0,0.025374310111545468,1,0,0,0,0,0,0,0,0,0,0,0,1,0,0,0,0,0,0,0,0,0,1,0,0
191,0,0.5,0.2334757476752953,0.0,0.0,0.025374310111545468,0,1,0,0,0,0,0,0,0,0,0,0,1,0,0,0,0,0,0,0,0,0,1,0,0
192,1,1.0,0.2334757476752953,0.125,0.0,0.015330377421392339,1,0,0,0,0,0,0,0,0,0,0,0,1,0,0,0,0,0,0,0,0,0,1,0,0
196,0,1.0,0.36792055349407915,0.0,0.0,0.015126992566498259,0,1,0,0,0,0,0,0,0,0,0,0,1,0,0,0,0,0,0,0,0,0,0,0,1
197,0,1.0,0.5224930887157577,0.0,0.16666666666666666,0.01640390592611157,0,1,0,0,0,0,0,0,0,0,0,0,1,0,0,0,0,0,0,0,0,0,1,0,0
198,1,1.0,0.36792055349407915,0.0,0.0,0.015126992566498259,1,0,0,0,0,0,0,0,0,0,0,0,1,0,0,0,0,0,0,0,0,0,0,0,1
199,0,0.5,0.2963056044232219,0.0,0.0,0.025374310111545468,1,0,0,0,0,0,0,0,0,0,0,0,1,0,0,0,0,0,0,0,0,0,1,0,0
200,0,1.0,0.34656948982156316,0.0,0.0,0.018542765081513996,0,1,0,0,0,0,0,0,0,0,0,0,1,0,0,0,0,0,0,0,0,0,1,0,0
202,0,1.0,0.4219653179190751,0.0,0.0,0.012678957201736696,0,1,0,0,0,0,0,0,0,0,0,0,1,0,0,0,0,0,0,0,0,0,1,0,0
203,0,1.0,0.5664739884393064,0.0,0.0,0.014102260811993537,0,1,0,0,0,0,0,0,0,0,0,0,1,0,0,0,0,0,0,0,0,0,0,1,0
204,1,1.0,0.22090977632571,0.0,0.0,0.015712553569072387,0,1,0,0,0,0,0,0,0,0,0,0,1,0,0,0,0,0,0,0,0,0,1,0,0
206,0,1.0,0.39683337521990447,0.125,0.0,0.030937139635999665,0,1,0,0,0,0,0,0,0,0,0,0,1,0,0,0,0,0,0,0,0,0,1,0,0
207,1,1.0,0.32143754712239253,0.0,0.0,0.036670757786204655,0,1,0,0,0,0,0,0,0,0,0,0,1,0,0,0,0,0,0,0,0,0,0,1,0
208,1,1.0,0.19577783362653933,0.0,0.0,0.015126992566498259,1,0,0,0,0,0,0,0,0,0,0,0,1,0,0,0,0,0,0,0,0,0,0,0,1
209,1,0.0,0.49736114601658704,0.0,0.0,0.060507970265993034,0,1,0,0,0,0,0,0,0,0,0,0,0,0,0,0,0,0,0,0,0,0,0,1,0
210,0,1.0,0.2963056044232219,0.0,0.0,0.013760683560491965,0,1,0,0,0,0,0,0,0,0,0,0,1,0,0,0,0,0,0,0,0,0,1,0,0
211,1,0.5,0.4345312892686604,0.0,0.0,0.04098927018018883,1,0,0,0,0,0,0,0,0,0,0,0,1,0,0,0,0,0,0,0,0,0,1,0,0
212,0,1.0,0.2711736617240512,0.0,0.0,0.014151057562208049,0,1,0,0,0,0,0,0,0,0,0,0,1,0,0,0,0,0,0,0,0,0,1,0,0
213,0,0.5,0.37170143252073384,0.0,0.0,0.025374310111545468,0,1,0,0,0,0,0,0,0,0,0,0,1,0,0,0,0,0,0,0,0,0,1,0,0
214,0,1.0,0.36792055349407915,0.125,0.0,0.015126992566498259,0,1,0,0,0,0,0,0,0,0,0,0,1,0,0,0,0,0,0,0,0,0,0,0,1
216,1,1.0,0.33400351847197784,0.0,0.0,0.015468569817999833,1,0,0,0,0,0,0,0,0,0,0,0,1,0,0,0,0,0,0,0,0,0,1,0,0
217,0,0.5,0.5224930887157577,0.125,0.0,0.05270049023167135,0,1,0,0,0,0,0,0,0,0,0,0,1,0,0,0,0,0,0,0,0,0,1,0,0
218,1,0.0,0.39683337521990447,0.0,0.0,0.14891148113361488,1,0,0,0,0,0,0,0,0,0,0,0,0,0,0,0,0,0,0,0,0,0,0,1,0
219,0,0.5,0.37170143252073384,0.0,0.0,0.020494635090094415,0,1,0,0,0,0,0,0,0,0,0,0,1,0,0,0,0,0,0,0,0,0,1,0,0
220,1,1.0,0.19577783362653933,0.0,0.0,0.015712553569072387,0,1,0,0,0,0,0,0,0,0,0,0,1,0,0,0,0,0,0,0,0,0,1,0,0
221,0,0.5,0.33400351847197784,0.0,0.0,0.025374310111545468,0,1,0,0,0,0,0,0,0,0,0,0,1,0,0,0,0,0,0,0,0,0,1,0,0
222,0,1.0,0.6355868308620256,0.0,0.0,0.015712553569072387,0,1,0,0,0,0,0,0,0,0,0,0,1,0,0,0,0,0,0,0,0,0,1,0,0
223,0,1.0,0.36792055349407915,0.0,0.0,0.015411575213749286,0,1,0,0,0,0,0,0,0,0,0,0,1,0,0,0,0,0,0,0,0,0,1,0,0
224,1,0.0,0.4722292033174164,0.125,0.0,0.17566830077223786,0,1,0,0,0,0,0,0,0,0,0,0,0,0,0,0,0,0,0,0,0,0,1,0,0
225,0,1.0,0.2711736617240512,0.0,0.0,0.018249984580226933,0,1,0,0,0,0,0,0,0,0,0,0,1,0,0,0,0,0,0,0,0,0,1,0,0
226,1,0.5,0.2334757476752953,0.0,0.0,0.020494635090094415,0,1,0,0,0,0,0,0,0,0,0,0,1,0,0,0,0,0,0,0,0,0,1,0,0
227,0,1.0,0.2523247046996733,0.0,0.0,0.014151057562208049,0,1,0,0,0,0,0,0,0,0,0,0,1,0,0,0,0,0,0,0,0,0,1,0,0
228,0,0.5,0.22090977632571,0.0,0.0,0.025374310111545468,0,1,0,0,0,0,0,0,0,0,0,0,1,0,0,0,0,0,0,0,0,0,1,0,0
229,0,1.0,0.36792055349407915,0.375,0.16666666666666666,0.049707687947515,1,0,0,0,0,0,0,0,0,0,0,0,1,0,0,0,0,0,0,0,0,0,1,0,0
230,1,0.0,0.4345312892686604,0.125,0.0,0.16293234896625058,1,0,0,0,0,0,0,0,0,0,0,0,0,0,0,0,0,0,0,0,0,0,1,0,0
231,0,1.0,0.35913546117114853,0.0,0.0,0.015175789316712771,0,1,0,0,0,0,0,0,0,0,0,0,1,0,0,0,0,0,0,0,0,0,1,0,0
232,0,0.5,0.7361146016587082,0.0,0.0,0.026350245115835676,0,1,0,0,0,0,0,0,0,0,0,0,1,0,0,0,0,0,0,0,0,0,1,0,0
233,1,1.0,0.05755214878110078,0.5,0.3333333333333333,0.06126431989431795,1,0,0,0,0,0,0,0,0,0,0,0,1,0,0,0,0,0,0,0,0,0,1,0,0
234,0,0.5,0.2963056044232219,0.0,0.0,0.020494635090094415,0,1,0,0,0,0,0,0,0,0,0,0,1,0,0,0,0,0,0,0,0,0,1,0,0
235,0,1.0,0.36792055349407915,0.0,0.0,0.014736618564782174,1,0,0,0,0,0,0,0,0,0,0,0,1,0,0,0,0,0,0,0,0,0,1,0,0
236,0,0.5,0.5476250314149284,0.125,0.0,0.050748620223090936,0,1,0,0,0,0,0,0,0,0,0,0,1,0,0,0,0,0,0,0,0,0,1,0,0
237,1,0.5,0.09525006282985675,0.0,0.3333333333333333,0.05123658772523604,1,0,0,0,0,0,0,0,0,0,0,0,1,0,0,0,0,0,0,0,0,0,1,0,0
238,0,0.5,0.2334757476752953,0.0,0.0,0.020494635090094415,0,1,0,0,0,0,0,0,0,0,0,0,1,0,0,0,0,0,0,0,0,0,1,0,0
239,0,0.5,0.4093993465694898,0.0,0.0,0.023959204355324663,0,1,0,0,0,0,0,0,0,0,0,0,1,0,0,0,0,0,0,0,0,0,1,0,0
240,0,1.0,0.36792055349407915,0.125,0.0,0.028212719478023115,1,0,0,0,0,0,0,0,0,0,0,0,1,0,0,0,0,0,0,0,0,0,0,1,0
241,1,1.0,0.36792055349407915,0.125,0.0,0.030253985132996517,1,0,0,0,0,0,0,0,0,0,0,0,1,0,0,0,0,0,0,0,0,0,0,0,1
242,0,0.5,0.35913546117114853,0.0,0.0,0.020494635090094415,0,1,0,0,0,0,0,0,0,0,0,0,1,0,0,0,0,0,0,0,0,0,1,0,0
243,0,1.0,0.2711736617240512,0.0,0.0,0.013907073811135496,0,1,0,0,0,0,0,0,0,0,0,0,1,0,0,0,0,0,0,0,0,0,1,0,0
244,0,1.0,0.37170143252073384,0.0,0.0,0.014102260811993537,0,1,0,0,0,0,0,0,0,0,0,0,1,0,0,0,0,0,0,0,0,0,0,1,0
246,0,1.0,0.3088715757728072,0.0,0.0,0.015175789316712771,1,0,0,0,0,0,0,0,0,0,0,0,1,0,0,0,0,0,0,0,0,0,1,0,0
247,1,0.5,0.2963056044232219,0.0,0.3333333333333333,0.028302115124416098,1,0,0,0,0,0,0,0,0,0,0,0,1,0,0,0,0,0,0,0,0,0,1,0,0
248,1,0.0,0.4596632319678311,0.125,0.16666666666666666,0.10257896680493714,0,1,0,0,0,0,0,0,0,0,0,0,0,0,0,0,0,0,0,0,0,0,1,0,0
249,0,0.5,0.6732847449107816,0.125,0.0,0.050748620223090936,0,1,0,0,0,0,0,0,0,0,0,0,1,0,0,0,0,0,0,0,0,0,1,0,0
250,0,1.0,0.36792055349407915,0.0,0.0,0.014151057562208049,0,1,0,0,0,0,0,0,0,0,0,0,1,0,0,0,0,0,0,0,0,0,1,0,0
252,0,0.0,0.7738125157074642,0.0,0.0,0.051822148727810165,0,1,0,0,0,0,0,0,0,0,0,0,0,0,0,0,0,0,0,0,0,0,1,0,0
253,0,1.0,0.37170143252073384,0.125,0.0,0.031425107138144774,0,1,0,0,0,0,0,0,0,0,0,0,1,0,0,0,0,0,0,0,0,0,1,0,0
254,0,1.0,0.5099271173661725,0.0,0.3333333333333333,0.039452172548431745,1,0,0,0,0,0,0,0,0,0,0,0,1,0,0,0,0,0,0,0,0,0,1,0,0
257,1,0.0,0.37170143252073384,0.0,0.0,0.16883675574220638,1,0,0,0,0,0,0,0,0,0,0,0,0,0,0,0,0,0,0,0,0,0,1,0,0
259,1,0.5,0.6230208595124404,0.0,0.16666666666666666,0.050748620223090936,1,0,0,0,0,0,0,0,0,0,0,0,1,0,0,0,0,0,0,0,0,0,1,0,0
260,0,1.0,0.36792055349407915,0.0,0.0,0.015126992566498259,0,1,0,0,0,0,0,0,0,0,0,0,1,0,0,0,0,0,0,0,0,0,0,0,1
261,1,1.0,0.032420206081930136,0.5,0.3333333333333333,0.06126431989431795,0,1,0,0,0,0,0,0,0,0,0,0,1,0,0,0,0,0,0,0,0,0,1,0,0
262,0,0.0,0.648152802211611,0.125,0.16666666666666666,0.1554664461834305,0,1,0,0,0,0,0,0,0,0,0,0,0,0,0,0,0,0,0,0,0,0,1,0,0
263,0,0.0,0.49736114601658704,0.0,0.0,0.0,0,1,0,0,0,0,0,0,0,0,0,0,0,0,0,0,0,0,0,0,0,0,1,0,0
264,0,1.0,0.36792055349407915,0.0,0.0,0.015126992566498259,1,0,0,0,0,0,0,0,0,0,0,0,1,0,0,0,0,0,0,0,0,0,0,0,1
265,0,0.5,0.4470972606182458,0.0,0.0,0.020494635090094415,0,1,0,0,0,0,0,0,0,0,0,0,1,0,0,0,0,0,0,0,0,0,1,0,0
267,1,1.0,0.3088715757728072,0.125,0.0,0.015175789316712771,0,1,0,0,0,0,0,0,0,0,0,0,1,0,0,0,0,0,0,0,0,0,1,0,0
269,1,0.0,0.4345312892686604,0.0,0.0,0.2647385704347907,1,0,0,0,0,0,0,0,0,0,0,0,0,0,0,0,0,0,0,0,0,0,1,0,0
270,0,0.0,0.36792055349407915,0.0,0.0,0.060507970265993034,0,1,0,0,0,0,0,0,0,0,0,0,1,0,0,0,0,0,0,0,0,0,1,0,0
271,1,1.0,0.3088715757728072,0.0,0.0,0.0,0,1,0,0,0,0,0,0,0,0,1,0,1,0,0,0,0,0,0,0,0,0,1,0,0
272,1,0.5,0.5099271173661725,0.0,0.16666666666666666,0.038061465167318204,1,0,0,0,0,0,0,0,0,0,0,0,1,0,0,0,0,0,0,0,0,0,1,0,0
274,1,1.0,0.36792055349407915,0.0,0.0,0.015126992566498259,1,0,0,0,0,0,0,0,0,0,0,0,1,0,0,0,0,0,0,0,0,0,0,0,1
275,1,0.0,0.7863784870570495,0.125,0.0,0.15216446768991498,1,0,0,0,0,0,0,0,0,0,0,0,0,0,0,0,0,0,0,0,0,0,1,0,0
276,0,1.0,0.5601910027645137,0.0,0.0,0.015126992566498259,1,0,0,0,0,0,0,0,0,0,0,0,1,0,0,0,0,0,0,0,0,0,1,0,0
277,0,0.5,0.36792055349407915,0.0,0.0,0.0,0,1,0,0,0,0,0,0,0,0,0,0,1,0,0,0,0,0,0,0,0,0,1,0,0
279,1,1.0,0.4345312892686604,0.125,0.16666666666666666,0.03952536767375352,1,0,0,0,0,0,0,0,0,0,0,0,1,0,0,0,0,0,0,0,0,0,1,0,0
280,0,1.0,0.8115104297562202,0.0,0.0,0.015126992566498259,0,1,0,0,0,0,0,0,0,0,0,0,1,0,0,0,0,0,0,0,0,0,0,0,1
281,0,1.0,0.34656948982156316,0.0,0.0,0.015330377421392339,0,1,0,0,0,0,0,0,0,0,0,0,1,0,0,0,0,0,0,0,0,0,1,0,0
282,0,1.0,0.19577783362653933,0.0,0.0,0.018542765081513996,0,1,0,0,0,0,0,0,0,0,0,0,1,0,0,0,0,0,0,0,0,0,1,0,0
283,1,1.0,0.2334757476752953,0.0,0.0,0.015712553569072387,0,1,0,0,0,0,0,0,0,0,0,0,1,0,0,0,0,0,0,0,0,0,1,0,0
284,0,0.0,0.36792055349407915,0.0,0.0,0.050748620223090936,0,1,0,0,0,0,0,0,0,0,0,0,0,0,0,0,0,0,0,0,0,0,1,0,0
285,0,1.0,0.4093993465694898,0.0,0.0,0.016908073949327893,0,1,0,0,0,0,0,0,0,0,0,0,1,0,0,0,0,0,0,0,0,0,0,1,0
286,1,1.0,0.37170143252073384,0.0,0.0,0.018542765081513996,0,1,0,0,0,0,0,0,0,0,0,0,1,0,0,0,0,0,0,0,0,0,1,0,0
287,0,1.0,0.2711736617240512,0.0,0.0,0.015411575213749286,0,1,0,0,0,0,0,0,0,0,0,0,1,0,0,0,0,0,0,0,0,0,1,0,0
288,1,0.5,0.5224930887157577,0.0,0.0,0.025374310111545468,0,1,0,0,0,0,0,0,0,0,0,0,1,0,0,0,0,0,0,0,0,0,1,0,0
289,1,1.0,0.2711736617240512,0.0,0.0,0.015126992566498259,1,0,0,0,0,0,0,0,0,0,0,0,1,0,0,0,0,0,0,0,0,0,0,0,1
290,1,0.0,0.32143754712239253,0.0,0.0,0.15390495017656614,1,0,0,0,0,0,0,0,0,0,0,0,1,0,0,0,0,0,0,0,0,0,1,0,0
293,0,1.0,0.2963056044232219,0.0,0.0,0.01727404957593672,1,0,0,0,0,0,0,0,0,0,0,0,1,0,0,0,0,0,0,0,0,0,1,0,0
294,0,1.0,0.2963056044232219,0.0,0.0,0.015411575213749286,0,1,0,0,0,0,0,0,0,0,0,0,1,0,0,0,0,0,0,0,0,0,1,0,0
295,0,0.0,0.36792055349407915,0.0,0.0,0.05410739813385612,0,1,0,0,0,0,0,0,0,0,0,0,1,0,0,0,0,0,0,0,0,0,0,1,0
296,0,1.0,0.2900226187484292,0.0,0.0,0.014110458666029575,0,1,0,0,0,0,0,0,0,0,0,0,1,0,0,0,0,0,0,0,0,0,0,1,0
298,1,0.0,0.36792055349407915,0.0,0.0,0.05953203526170282,0,1,0,0,0,0,0,0,0,0,0,0,0,0,0,0,0,0,0,0,0,0,1,0,0
300,1,1.0,0.36792055349407915,0.0,0.0,0.015126992566498259,1,0,0,0,0,0,0,0,0,0,0,0,1,0,0,0,0,0,0,0,0,0,0,0,1
302,0,1.0,0.2334757476752953,0.0,0.0,0.0,0,1,0,0,0,0,0,0,0,0,1,0,1,0,0,0,0,0,0,0,0,0,1,0,0
304,0,1.0,0.36792055349407915,0.0,0.0,0.015712553569072387,0,1,0,0,0,0,0,0,0,0,0,0,1,0,0,0,0,0,0,0,0,0,1,0,0
308,0,0.5,0.37170143252073384,0.125,0.0,0.04684488020593009,0,1,0,0,0,0,0,0,0,0,0,0,1,0,0,0,0,0,0,0,0,0,0,1,0
309,1,0.0,0.37170143252073384,0.0,0.0,0.11111839809247648,1,0,0,0,0,0,0,0,0,0,0,0,0,0,0,0,0,0,0,0,0,0,0,1,0
312,0,0.5,0.32143754712239253,0.125,0.16666666666666666,0.050748620223090936,1,0,0,0,0,0,0,0,0,0,0,0,1,0,0,0,0,0,0,0,0,0,1,0,0
313,0,1.0,0.34656948982156316,0.0,0.0,0.015411575213749286,0,1,0,0,0,0,0,0,0,0,0,0,1,0,0,0,0,0,0,0,0,0,1,0,0
314,0,0.5,0.5350590600653431,0.125,0.16666666666666666,0.05123658772523604,0,1,0,0,0,0,0,0,0,0,0,0,1,0,0,0,0,0,0,0,0,0,1,0,0
315,1,1.0,0.32143754712239253,0.0,0.0,0.015330377421392339,1,0,0,0,0,0,0,0,0,0,0,0,1,0,0,0,0,0,0,0,0,0,1,0,0
316,1,0.5,0.2963056044232219,0.125,0.0,0.050748620223090936,1,0,0,0,0,0,0,0,0,0,0,0,1,0,0,0,0,0,0,0,0,0,1,0,0
317,0,0.5,0.6732847449107816,0.0,0.0,0.027326180120125887,0,1,0,0,0,0,0,0,0,0,0,0,1,0,0,0,0,0,0,0,0,0,1,0,0
320,0,1.0,0.2711736617240512,0.0,0.0,0.014151057562208049,0,1,0,0,0,0,0,0,0,0,0,0,1,0,0,0,0,0,0,0,0,0,1,0,0
321,0,1.0,0.33400351847197784,0.0,0.0,0.015411575213749286,0,1,0,0,0,0,0,0,0,0,0,0,1,0,0,0,0,0,0,0,0,0,1,0,0
322,1,0.5,0.37170143252073384,0.0,0.0,0.024105594605968193,1,0,0,0,0,0,0,0,0,0,0,0,1,0,0,0,0,0,0,0,0,0,0,0,1
323,1,0.5,0.2711736617240512,0.125,0.16666666666666666,0.056604230248832196,1,0,0,0,0,0,0,0,0,0,0,0,1,0,0,0,0,0,0,0,0,0,1,0,0
326,0,1.0,0.7612465443578789,0.0,0.0,0.012174789178520372,0,1,0,0,0,0,0,0,0,0,0,0,1,0,0,0,0,0,0,0,0,0,1,0,0
328,1,1.0,0.38426740387031916,0.125,0.16666666666666666,0.04006213192611313,1,0,0,0,0,0,0,0,0,0,0,0,1,0,0,0,0,0,0,0,0,0,1,0,0
331,0,0.0,0.5664739884393064,0.0,0.0,0.055628295244541985,0,1,0,0,0,0,0,0,0,0,0,0,0,0,0,0,0,0,0,0,0,0,1,0,0
332,0,0.0,0.4722292033174164,0.0,0.16666666666666666,0.2995388511917728,0,1,0,0,0,0,0,0,0,0,0,0,0,0,0,0,0,0,0,0,0,0,1,0,0
333,0,1.0,0.19577783362653933,0.25,0.0,0.03513366015444757,0,1,0,0,0,0,0,0,0,0,0,0,1,0,0,0,0,0,0,0,0,0,1,0,0
334,1,0.0,0.36792055349407915,0.125,0.0,0.2608674266467732,1,0,0,0,0,0,0,0,0,0,0,0,1,0,0,0,0,0,0,0,0,0,1,0,0
335,0,1.0,0.36792055349407915,0.0,0.0,0.015411575213749286,0,1,0,0,0,0,0,0,0,0,0,0,1,0,0,0,0,0,0,0,0,0,1,0,0
336,0,0.0,0.35913546117114853,0.125,0.0,0.12999454257145598,0,1,0,0,0,0,0,0,0,0,0,0,0,0,0,0,0,0,0,0,0,0,1,0,0
338,1,1.0,0.5601910027645137,0.0,0.0,0.015712553569072387,0,1,0,0,0,0,0,0,0,0,0,0,1,0,0,0,0,0,0,0,0,0,1,0,0
339,0,0.0,0.5601910027645137,0.0,0.0,0.06929138530460494,0,1,0,0,0,0,0,0,0,0,0,0,0,0,0,0,0,0,0,0,0,0,1,0,0
342,0,0.5,0.34656948982156316,0.0,0.0,0.025374310111545468,0,1,0,0,0,0,0,0,0,0,0,0,1,0,0,0,0,0,0,0,0,0,1,0,0
343,0,0.5,0.3088715757728072,0.0,0.0,0.025374310111545468,0,1,0,0,0,0,0,0,0,0,0,0,1,0,0,0,0,0,0,0,0,0,1,0,0
344,0,0.5,0.4470972606182458,0.0,0.0,0.025374310111545468,0,1,0,0,0,0,0,0,0,0,0,0,1,0,0,0,0,0,0,0,0,0,1,0,0
346,1,0.5,0.49736114601658704,0.0,0.0,0.025374310111545468,1,0,0,0,0,0,0,0,0,0,0,0,1,0,0,0,0,0,0,0,0,0,1,0,0
347,1,1.0,0.36792055349407915,0.125,0.0,0.031425107138144774,1,0,0,0,0,0,0,0,0,0,0,0,1,0,0,0,0,0,0,0,0,0,1,0,0
348,1,1.0,0.032420206081930136,0.125,0.16666666666666666,0.031034733136428686,0,1,0,0,0,0,0,0,0,0,0,0,1,0,0,0,0,0,0,0,0,0,1,0,0
349,0,1.0,0.5224930887157577,0.0,0.0,0.016908073949327893,0,1,0,0,0,0,0,0,0,0,0,0,1,0,0,0,0,0,0,0,0,0,1,0,0
350,0,1.0,0.2837396330736366,0.0,0.0,0.01800600082915438,0,1,0,0,0,0,0,0,0,0,0,0,1,0,0,0,0,0,0,0,0,0,1,0,0
351,0,0.0,0.36792055349407915,0.0,0.0,0.06831545030031472,0,1,0,0,0,0,0,0,0,0,0,0,0,0,0,0,0,0,0,0,0,0,1,0,0
352,0,1.0,0.18321186227695402,0.125,0.16666666666666666,0.014110458666029575,0,1,0,0,0,0,0,0,0,0,0,0,1,0,0,0,0,0,0,0,0,0,0,1,0
353,0,1.0,0.3088715757728072,0.125,0.0,0.034743286152731485,0,1,0,0,0,0,0,0,0,0,0,0,1,0,0,0,0,0,0,0,0,0,1,0,0
354,0,1.0,0.36792055349407915,0.0,0.0,0.014102260811993537,0,1,0,0,0,0,0,0,0,0,0,0,1,0,0,0,0,0,0,0,0,0,0,1,0
355,0,1.0,0.34656948982156316,0.0,0.0,0.018542765081513996,0,1,0,0,0,0,0,0,0,0,0,0,1,0,0,0,0,0,0,0,0,0,1,0,0
356,1,0.0,0.2711736617240512,0.0,0.16666666666666666,0.10735285047192313,1,0,0,0,0,0,0,0,0,0,0,0,0,0,0,0,0,0,0,0,0,0,1,0,0
357,0,0.5,0.4722292033174164,0.0,0.0,0.025374310111545468,1,0,0,0,0,0,0,0,0,0,0,0,1,0,0,0,0,0,0,0,0,0,1,0,0
358,1,1.0,0.36792055349407915,0.0,0.0,0.01537917417160685,1,0,0,0,0,0,0,0,0,0,0,0,1,0,0,0,0,0,0,0,0,0,0,0,1
359,1,1.0,0.36792055349407915,0.0,0.0,0.01537917417160685,1,0,0,0,0,0,0,0,0,0,0,0,1,0,0,0,0,0,0,0,0,0,0,0,1
361,0,0.5,0.35913546117114853,0.125,0.0,0.05410739813385612,0,1,0,0,0,0,0,0,0,0,0,0,1,0,0,0,0,0,0,0,0,0,0,1,0
363,0,1.0,0.4345312892686604,0.0,0.0,0.013760683560491965,0,1,0,0,0,0,0,0,0,0,0,0,1,0,0,0,0,0,0,0,0,0,1,0,0
364,0,1.0,0.36792055349407915,0.125,0.0,0.030253985132996517,0,1,0,0,0,0,0,0,0,0,0,0,1,0,0,0,0,0,0,0,0,0,0,0,1
365,0,1.0,0.37170143252073384,0.0,0.0,0.014151057562208049,0,1,0,0,0,0,0,0,0,0,0,0,1,0,0,0,0,0,0,0,0,0,1,0,0
367,1,1.0,0.36792055349407915,0.0,0.0,0.014110458666029575,1,0,0,0,0,0,0,0,0,0,0,0,1,0,0,0,0,0,0,0,0,0,0,1,0
368,1,1.0,0.36792055349407915,0.0,0.0,0.015126992566498259,1,0,0,0,0,0,0,0,0,0,0,0,1,0,0,0,0,0,0,0,0,0,0,0,1
369,1,0.0,0.2963056044232219,0.0,0.0,0.13526459159462315,1,0,0,0,0,0,0,0,0,0,0,0,0,0,0,0,0,0,0,0,0,0,0,1,0
371,0,1.0,0.22090977632571,0.125,0.0,0.012678957201736696,0,1,0,0,0,0,0,0,0,0,0,0,1,0,0,0,0,0,0,0,0,0,1,0,0
372,0,1.0,0.2334757476752953,0.0,0.0,0.015712553569072387,0,1,0,0,0,0,0,0,0,0,0,0,1,0,0,0,0,0,0,0,0,0,1,0,0
373,0,0.0,0.2711736617240512,0.0,0.0,0.2647385704347907,0,1,0,0,0,0,0,0,0,0,0,0,1,0,0,0,0,0,0,0,0,0,0,1,0
374,0,1.0,0.032420206081930136,0.375,0.16666666666666666,0.04113566043083236,1,0,0,0,0,0,0,0,0,0,0,0,1,0,0,0,0,0,0,0,0,0,1,0,0
376,1,1.0,0.2711736617240512,0.0,0.0,0.014151057562208049,1,0,0,0,0,0,0,0,0,0,0,0,1,0,0,0,0,0,0,0,0,0,1,0,0
378,0,1.0,0.24604171902488062,0.0,0.0,0.007831878409428937,0,1,0,0,0,0,0,0,0,0,0,0,1,0,0,0,0,0,0,0,0,0,0,1,0
379,0,1.0,0.2334757476752953,0.0,0.0,0.015175789316712771,0,1,0,0,0,0,0,0,0,0,0,0,1,0,0,0,0,0,0,0,0,0,1,0,0
382,0,1.0,0.39683337521990447,0.0,0.0,0.015468569817999833,0,1,0,0,0,0,0,0,0,0,0,0,1,0,0,0,0,0,0,0,0,0,1,0,0
383,1,0.0,0.4345312892686604,0.125,0.0,0.10149724044618187,1,0,0,0,0,0,0,0,0,0,0,0,1,0,0,0,0,0,0,0,0,0,1,0,0
384,0,1.0,0.36792055349407915,0.0,0.0,0.015411575213749286,0,1,0,0,0,0,0,0,0,0,0,0,1,0,0,0,0,0,0,0,0,0,1,0,0
387,1,0.5,0.4470972606182458,0.0,0.0,0.025374310111545468,1,0,0,0,0,0,0,0,0,0,0,0,1,0,0,0,0,0,0,0,0,0,1,0,0
388,0,1.0,0.36792055349407915,0.0,0.0,0.015086393670319786,0,1,0,0,0,0,0,0,0,0,0,0,1,0,0,0,0,0,0,0,0,0,0,0,1
391,1,1.0,0.2586076903744659,0.0,0.0,0.015216388212891242,0,1,0,0,0,0,0,0,0,0,0,0,1,0,0,0,0,0,0,0,0,0,1,0,0
392,0,1.0,0.34656948982156316,0.25,0.0,0.015468569817999833,0,1,0,0,0,0,0,0,0,0,0,0,1,0,0,0,0,0,0,0,0,0,1,0,0
395,0,1.0,0.2711736617240512,0.0,0.0,0.015216388212891242,0,1,0,0,0,0,0,0,0,0,0,0,1,0,0,0,0,0,0,0,0,0,1,0,0
396,0,1.0,0.38426740387031916,0.0,0.0,0.015330377421392339,1,0,0,0,0,0,0,0,0,0,0,0,1,0,0,0,0,0,0,0,0,0,1,0,0
397,0,0.5,0.5727569741140991,0.0,0.0,0.050748620223090936,0,1,0,0,0,0,0,0,0,0,0,0,1,0,0,0,0,0,0,0,0,0,1,0,0
398,0,0.5,0.2837396330736366,0.0,0.0,0.020494635090094415,0,1,0,0,0,0,0,0,0,0,0,0,1,0,0,0,0,0,0,0,0,0,1,0,0
399,1,0.5,0.34656948982156316,0.0,0.0,0.02469115560854232,1,0,0,0,0,0,0,0,0,0,0,0,1,0,0,0,0,0,0,0,0,0,1,0,0
400,1,1.0,0.4847951746670017,0.0,0.0,0.015468569817999833,0,1,0,0,0,0,0,0,0,0,0,0,1,0,0,0,0,0,0,0,0,0,1,0,0
401,0,1.0,0.32143754712239253,0.0,0.0,0.015712553569072387,0,1,0,0,0,0,0,0,0,0,0,0,1,0,0,0,0,0,0,0,0,0,1,0,0
402,0,1.0,0.2586076903744659,0.125,0.0,0.019177122834302632,1,0,0,0,0,0,0,0,0,0,0,0,1,0,0,0,0,0,0,0,0,0,1,0,0
403,0,1.0,0.34656948982156316,0.125,0.0,0.030937139635999665,0,1,0,0,0,0,0,0,0,0,0,0,1,0,0,0,0,0,0,0,0,0,1,0,0
404,0,1.0,0.24604171902488062,0.0,0.0,0.016908073949327893,1,0,0,0,0,0,0,0,0,0,0,0,1,0,0,0,0,0,0,0,0,0,1,0,0
405,0,0.5,0.4219653179190751,0.125,0.0,0.04098927018018883,0,1,0,0,0,0,0,0,0,0,0,0,1,0,0,0,0,0,0,0,0,0,1,0,0
406,0,1.0,0.6355868308620256,0.0,0.0,0.015126992566498259,0,1,0,0,0,0,0,0,0,0,0,0,1,0,0,0,0,0,0,0,0,0,1,0,0
407,1,0.5,0.032420206081930136,0.125,0.16666666666666666,0.03659756266088288,0,1,0,0,0,0,0,0,0,0,0,0,1,0,0,0,0,0,0,0,0,0,1,0,0
408,0,1.0,0.2586076903744659,0.0,0.0,0.015175789316712771,0,1,0,0,0,0,0,0,0,0,0,0,1,0,0,0,0,0,0,0,0,0,1,0,0
409,0,1.0,0.36792055349407915,0.375,0.16666666666666666,0.049707687947515,1,0,0,0,0,0,0,0,0,0,0,0,1,0,0,0,0,0,0,0,0,0,1,0,0
410,0,1.0,0.36792055349407915,0.0,0.0,0.015411575213749286,0,1,0,0,0,0,0,0,0,0,0,0,1,0,0,0,0,0,0,0,0,0,1,0,0
411,0,1.0,0.36792055349407915,0.0,0.0,0.013386510079847098,0,1,0,0,0,0,0,0,0,0,0,0,1,0,0,0,0,0,0,0,0,0,0,0,1
413,0,0.5,0.36792055349407915,0.0,0.0,0.0,0,1,0,0,0,0,0,0,0,0,0,0,1,0,0,0,0,0,0,0,0,0,1,0,0
414,1,1.0,0.5476250314149284,0.0,0.0,0.015468569817999833,0,1,0,0,0,0,0,0,0,0,0,0,1,0,0,0,0,0,0,0,0,0,1,0,0
415,0,1.0,0.36792055349407915,0.0,0.0,0.015712553569072387,1,0,0,0,0,0,0,0,0,0,0,0,1,0,0,0,0,0,0,0,0,0,1,0,0
416,1,0.5,0.4219653179190751,0.125,0.16666666666666666,0.06343577527886367,1,0,0,0,0,0,0,0,0,0,0,0,1,0,0,0,0,0,0,0,0,0,1,0,0
417,1,0.5,0.22090977632571,0.0,0.3333333333333333,0.025374310111545468,1,0,0,0,0,0,0,0,0,0,0,0,1,0,0,0,0,0,0,0,0,0,1,0,0
418,0,0.5,0.37170143252073384,0.0,0.0,0.025374310111545468,0,1,0,0,0,0,0,0,0,0,0,0,1,0,0,0,0,0,0,0,0,0,1,0,0
419,0,1.0,0.12038200552902739,0.0,0.3333333333333333,0.04713766070721715,1,0,0,0,0,0,0,0,0,0,0,0,1,0,0,0,0,0,0,0,0,0,1,0,0
420,0,1.0,0.36792055349407915,0.0,0.0,0.015411575213749286,0,1,0,0,0,0,0,0,0,0,0,0,1,0,0,0,0,0,0,0,0,0,0,1,0
421,0,1.0,0.2586076903744659,0.0,0.0,0.015094396337354966,0,1,0,0,0,0,0,0,0,0,0,0,1,0,0,0,0,0,0,0,0,0,0,0,1
422,0,1.0,0.35913546117114853,0.0,0.0,0.015370976317570811,0,1,0,0,0,0,0,0,0,0,0,0,1,0,0,0,0,0,0,0,0,0,1,0,0
423,0,1.0,0.34656948982156316,0.125,0.16666666666666666,0.028106928123558056,1,0,0,0,0,0,0,0,0,0,0,0,1,0,0,0,0,0,0,0,0,0,1,0,0
424,0,1.0,0.22090977632571,0.125,0.16666666666666666,0.039452172548431745,0,1,0,0,0,0,0,0,0,0,0,0,1,0,0,0,0,0,0,0,0,0,1,0,0
425,0,1.0,0.36792055349407915,0.0,0.0,0.014151057562208049,0,1,0,0,0,0,0,0,0,0,0,0,1,0,0,0,0,0,0,0,0,0,1,0,0
426,1,0.5,0.34656948982156316,0.125,0.0,0.050748620223090936,1,0,0,0,0,0,0,0,0,0,0,0,1,0,0,0,0,0,0,0,0,0,1,0,0
427,1,0.5,0.2334757476752953,0.0,0.0,0.050748620223090936,1,0,0,0,0,0,0,0,0,0,0,0,1,0,0,0,0,0,0,0,0,0,1,0,0
428,0,1.0,0.36792055349407915,0.0,0.0,0.015126992566498259,0,1,0,0,0,0,0,0,0,0,0,0,1,0,0,0,0,0,0,0,0,0,0,0,1
429,1,1.0,0.39683337521990447,0.0,0.0,0.015712553569072387,0,1,0,0,0,0,0,0,0,0,0,0,0,0,0,0,0,0,0,0,0,0,1,0,0
430,1,0.0,0.34656948982156316,0.0,0.0,0.051822148727810165,0,1,0,0,0,0,0,0,0,0,0,0,0,0,0,0,0,0,0,0,0,0,1,0,0
431,1,1.0,0.36792055349407915,0.125,0.0,0.031425107138144774,1,0,0,0,0,0,0,0,0,0,0,0,1,0,0,0,0,0,0,0,0,0,1,0,0
432,1,0.5,0.5224930887157577,0.125,0.0,0.050748620223090936,1,0,0,0,0,0,0,0,0,0,0,0,1,0,0,0,0,0,0,0,0,0,1,0,0
433,0,1.0,0.20834380497612465,0.0,0.0,0.013907073811135496,0,1,0,0,0,0,0,0,0,0,0,0,1,0,0,0,0,0,0,0,0,0,1,0,0
434,0,0.0,0.6230208595124404,0.125,0.0,0.1091095334796455,0,1,0,0,0,0,0,0,0,0,0,0,0,0,0,0,0,0,0,0,0,0,1,0,0
436,0,1.0,0.2586076903744659,0.25,0.3333333333333333,0.06709553154495196,1,0,0,0,0,0,0,0,0,0,0,0,1,0,0,0,0,0,0,0,0,0,1,0,0
437,1,0.5,0.2963056044232219,0.25,0.5,0.03659756266088288,1,0,0,0,0,0,0,0,0,0,0,0,1,0,0,0,0,0,0,0,0,0,1,0,0
439,0,0.5,0.38426740387031916,0.0,0.0,0.020494635090094415,0,1,0,0,0,0,0,0,0,0,0,0,1,0,0,0,0,0,0,0,0,0,1,0,0
440,1,0.5,0.5601910027645137,0.125,0.16666666666666666,0.05123658772523604,1,0,0,0,0,0,0,0,0,0,0,0,1,0,0,0,0,0,0,0,0,0,1,0,0
441,0,1.0,0.24604171902488062,0.0,0.0,0.018542765081513996,0,1,0,0,0,0,0,0,0,0,0,0,1,0,0,0,0,0,0,0,0,0,1,0,0
442,0,1.0,0.3088715757728072,0.125,0.0,0.015175789316712771,0,1,0,0,0,0,0,0,0,0,0,0,1,0,0,0,0,0,0,0,0,0,1,0,0
443,1,0.5,0.34656948982156316,0.0,0.0,0.025374310111545468,1,0,0,0,0,0,0,0,0,0,0,0,1,0,0,0,0,0,0,0,0,0,1,0,0
444,1,1.0,0.36792055349407915,0.0,0.0,0.015834545444608664,0,1,0,0,0,0,0,0,0,0,0,0,1,0,0,0,0,0,0,0,0,0,1,0,0
446,1,0.5,0.15807991957778336,0.0,0.16666666666666666,0.038061465167318204,1,0,0,0,0,0,0,0,0,0,0,0,1,0,0,0,0,0,0,0,0,0,1,0,0
447,1,0.0,0.4219653179190751,0.0,0.0,0.051822148727810165,0,1,0,0,0,0,0,0,0,0,0,0,1,0,0,0,0,0,0,0,0,0,1,0,0
449,1,0.0,0.648152802211611,0.0,0.0,0.05953203526170282,0,1,0,0,0,0,0,0,0,0,0,0,0,0,0,0,0,0,0,0,0,0,1,0,0
450,0,0.5,0.4470972606182458,0.125,0.3333333333333333,0.05416439273810667,0,1,0,0,0,0,0,0,0,0,0,0,1,0,0,0,0,0,0,0,0,0,1,0,0
451,0,1.0,0.36792055349407915,0.125,0.0,0.03897240290032268,0,1,0,0,0,0,0,0,0,0,0,0,1,0,0,0,0,0,0,0,0,0,1,0,0
452,0,0.0,0.37170143252073384,0.0,0.0,0.05416439273810667,0,1,0,0,0,0,0,0,0,0,0,0,0,0,0,0,0,0,0,0,0,0,0,1,0
454,0,1.0,0.36792055349407915,0.0,0.0,0.015712553569072387,0,1,0,0,0,0,0,0,0,0,0,0,1,0,0,0,0,0,0,0,0,0,1,0,0
455,1,1.0,0.35913546117114853,0.0,0.0,0.015411575213749286,0,1,0,0,0,0,0,0,0,0,0,0,1,0,0,0,0,0,0,0,0,0,0,1,0
456,0,0.0,0.8115104297562202,0.0,0.0,0.051822148727810165,0,1,0,0,0,0,0,0,0,0,0,0,0,0,0,0,0,0,0,0,0,0,1,0,0
457,1,0.0,0.36792055349407915,0.125,0.0,0.10122885832000206,1,0,0,0,0,0,0,0,0,0,0,0,0,0,0,0,0,0,0,0,0,0,1,0,0
458,1,0.5,0.6230208595124404,0.0,0.0,0.020494635090094415,1,0,0,0,0,0,0,0,0,0,0,0,1,0,0,0,0,0,0,0,0,0,1,0,0
459,0,1.0,0.36792055349407915,0.0,0.0,0.015126992566498259,0,1,0,0,0,0,0,0,0,0,0,0,1,0,0,0,0,0,0,0,0,0,0,0,1
460,1,0.0,0.5978889168132697,0.0,0.0,0.051822148727810165,0,1,0,0,0,0,0,0,0,0,0,0,0,0,0,0,0,0,0,0,0,0,1,0,0
461,0,1.0,0.4219653179190751,0.0,0.0,0.015712553569072387,0,1,0,0,0,0,0,0,0,0,0,0,1,0,0,0,0,0,0,0,0,0,1,0,0
462,0,0.0,0.5853229454636844,0.0,0.0,0.07514699533034619,0,1,0,0,0,0,0,0,0,0,0,0,0,0,0,0,0,0,0,0,0,0,1,0,0
463,0,0.5,0.5978889168132697,0.0,0.0,0.025374310111545468,0,1,0,0,0,0,0,0,0,0,0,0,1,0,0,0,0,0,0,0,0,0,1,0,0
464,0,1.0,0.36792055349407915,0.0,0.0,0.015712553569072387,0,1,0,0,0,0,0,0,0,0,0,0,1,0,0,0,0,0,0,0,0,0,1,0,0
465,0,1.0,0.4722292033174164,0.0,0.0,0.013760683560491965,0,1,0,0,0,0,0,0,0,0,0,0,1,0,0,0,0,0,0,0,0,0,1,0,0
466,0,0.5,0.36792055349407915,0.0,0.0,0.0,0,1,0,0,0,0,0,0,0,0,0,0,1,0,0,0,0,0,0,0,0,0,1,0,0
467,0,0.0,0.6984166876099522,0.0,0.0,0.051822148727810165,0,1,0,0,0,0,0,0,0,0,0,0,1,0,0,0,0,0,0,0,0,0,1,0,0
468,0,1.0,0.36792055349407915,0.0,0.0,0.015078195816283748,0,1,0,0,0,0,0,0,0,0,0,0,1,0,0,0,0,0,0,0,0,0,0,0,1
470,0,1.0,0.36792055349407915,0.0,0.0,0.014151057562208049,0,1,0,0,0,0,0,0,0,0,0,0,1,0,0,0,0,0,0,0,0,0,1,0,0
471,0,1.0,0.4722292033174164,0.0,0.0,0.016908073949327893,0,1,0,0,0,0,0,0,0,0,0,0,1,0,0,0,0,0,0,0,0,0,1,0,0
472,1,0.5,0.4093993465694898,0.125,0.3333333333333333,0.05416439273810667,1,0,0,0,0,0,0,0,0,0,0,0,1,0,0,0,0,0,0,0,0,0,1,0,0
474,0,1.0,0.2711736617240512,0.0,0.0,0.019201521209409888,1,0,0,0,0,0,0,0,0,0,0,0,1,0,0,0,0,0,0,0,0,0,1,0,0
475,0,0.0,0.36792055349407915,0.0,0.0,0.10149724044618187,0,1,0,0,0,0,0,0,0,0,0,0,0,0,0,0,0,0,0,0,0,0,1,0,0
476,0,0.5,0.4219653179190751,0.125,0.0,0.04098927018018883,0,1,0,0,0,0,0,0,0,0,0,0,1,0,0,0,0,0,0,0,0,0,1,0,0
477,0,1.0,0.35913546117114853,0.125,0.0,0.013752485706455927,0,1,0,0,0,0,0,0,0,0,0,0,1,0,0,0,0,0,0,0,0,0,1,0,0
478,0,1.0,0.2711736617240512,0.0,0.0,0.014679623960531627,0,1,0,0,0,0,0,0,0,0,0,0,1,0,0,0,0,0,0,0,0,0,1,0,0
479,1,1.0,0.01985423473234481,0.0,0.16666666666666666,0.023983602730431916,1,0,0,0,0,0,0,0,0,0,0,0,1,0,0,0,0,0,0,0,0,0,1,0,0
481,0,0.5,0.36792055349407915,0.0,0.0,0.0,0,1,0,0,0,0,0,0,0,0,0,0,1,0,0,0,0,0,0,0,0,0,1,0,0
482,0,1.0,0.6230208595124404,0.0,0.0,0.015712553569072387,0,1,0,0,0,0,0,0,0,0,0,0,1,0,0,0,0,0,0,0,0,0,1,0,0
483,1,1.0,0.7863784870570495,0.0,0.0,0.018713553707264782,1,0,0,0,0,0,0,0,0,0,0,0,1,0,0,0,0,0,0,0,0,0,1,0,0
485,0,1.0,0.36792055349407915,0.375,0.16666666666666666,0.049707687947515,1,0,0,0,0,0,0,0,0,0,0,0,1,0,0,0,0,0,0,0,0,0,1,0,0
486,1,0.0,0.4345312892686604,0.125,0.0,0.17566830077223786,1,0,0,0,0,0,0,0,0,0,0,0,0,0,0,0,0,0,0,0,0,0,1,0,0
488,0,1.0,0.37170143252073384,0.0,0.0,0.015712553569072387,0,1,0,0,0,0,0,0,0,0,0,0,1,0,0,0,0,0,0,0,0,0,1,0,0
489,1,1.0,0.10781603417944208,0.125,0.16666666666666666,0.031034733136428686,0,1,0,0,0,0,0,0,0,0,0,0,1,0,0,0,0,0,0,0,0,0,1,0,0
490,0,1.0,0.36792055349407915,0.125,0.0,0.03897240290032268,0,1,0,0,0,0,0,0,0,0,0,0,1,0,0,0,0,0,0,0,0,0,1,0,0
491,0,1.0,0.2586076903744659,0.0,0.0,0.014151057562208049,0,1,0,0,0,0,0,0,0,0,0,0,1,0,0,0,0,0,0,0,0,0,1,0,0
492,0,0.0,0.685850716260367,0.0,0.0,0.05953203526170282,0,1,0,0,0,0,0,0,0,0,0,0,0,0,0,0,0,0,0,0,0,0,1,0,0
494,0,1.0,0.2586076903744659,0.0,0.0,0.015712553569072387,0,1,0,0,0,0,0,0,0,0,0,0,1,0,0,0,0,0,0,0,0,0,1,0,0
495,0,1.0,0.36792055349407915,0.0,0.0,0.028220722145058292,0,1,0,0,0,0,0,0,0,0,0,0,1,0,0,0,0,0,0,0,0,0,0,1,0
497,0,1.0,0.36792055349407915,0.0,0.0,0.029473237129564348,0,1,0,0,0,0,0,0,0,0,0,0,1,0,0,0,0,0,0,0,0,0,1,0,0
499,0,1.0,0.2963056044232219,0.0,0.0,0.015216388212891242,0,1,0,0,0,0,0,0,0,0,0,0,1,0,0,0,0,0,0,0,0,0,1,0,0
500,0,1.0,0.20834380497612465,0.0,0.0,0.016908073949327893,0,1,0,0,0,0,0,0,0,0,0,0,1,0,0,0,0,0,0,0,0,0,1,0,0
501,0,1.0,0.2586076903744659,0.0,0.0,0.015126992566498259,1,0,0,0,0,0,0,0,0,0,0,0,1,0,0,0,0,0,0,0,0,0,0,0,1
502,0,1.0,0.36792055349407915,0.0,0.0,0.014891206669461744,1,0,0,0,0,0,0,0,0,0,0,0,1,0,0,0,0,0,0,0,0,0,0,0,1
503,0,1.0,0.4596632319678311,0.0,0.0,0.018713553707264782,1,0,0,0,0,0,0,0,0,0,0,0,1,0,0,0,0,0,0,0,0,0,1,0,0
504,1,0.0,0.19577783362653933,0.0,0.0,0.16883675574220638,1,0,0,0,0,0,0,0,0,0,0,0,0,0,0,0,0,0,0,0,0,0,1,0,0
506,1,0.5,0.4093993465694898,0.0,0.3333333333333333,0.050748620223090936,1,0,0,0,0,0,0,0,0,0,0,0,1,0,0,0,0,0,0,0,0,0,1,0,0
507,1,0.0,0.36792055349407915,0.0,0.0,0.051822148727810165,0,1,0,0,0,0,0,0,0,0,0,0,1,0,0,0,0,0,0,0,0,0,1,0,0
508,0,1.0,0.34656948982156316,0.0,0.0,0.04396587194327397,0,1,0,0,0,0,0,0,0,0,0,0,1,0,0,0,0,0,0,0,0,0,1,0,0
509,1,1.0,0.32143754712239253,0.0,0.0,0.11027245763075773,0,1,0,1,0,0,0,0,0,0,0,0,1,0,0,0,0,0,0,0,0,0,1,0,0
510,1,1.0,0.35913546117114853,0.0,0.0,0.015126992566498259,0,1,0,0,0,0,0,0,0,0,0,0,1,0,0,0,0,0,0,0,0,0,0,0,1
511,0,1.0,0.36792055349407915,0.0,0.0,0.015712553569072387,0,1,0,0,0,0,0,0,0,0,0,0,1,0,0,0,0,0,0,0,0,0,1,0,0
512,1,0.0,0.4470972606182458,0.0,0.0,0.05130978285055781,0,1,0,0,0,0,0,0,0,0,0,0,0,0,0,0,0,0,0,0,0,1,1,0,0
514,0,1.0,0.2963056044232219,0.0,0.0,0.014630827210317117,0,1,0,0,0,0,0,0,0,0,0,0,1,0,0,0,0,0,0,0,0,0,1,0,0
515,0,0.0,0.5853229454636844,0.0,0.0,0.06640417918791278,0,1,0,0,0,0,0,0,0,0,0,0,0,0,0,0,0,0,0,0,0,0,1,0,0
517,0,1.0,0.36792055349407915,0.0,0.0,0.04713766070721715,0,1,0,0,0,0,0,0,0,0,0,0,1,0,0,0,0,0,0,0,0,0,0,0,1
518,1,0.5,0.4470972606182458,0.125,0.0,0.050748620223090936,1,0,0,0,0,0,0,0,0,0,0,0,1,0,0,0,0,0,0,0,0,0,1,0,0
519,0,1.0,0.39683337521990447,0.0,0.0,0.015411575213749286,0,1,0,0,0,0,0,0,0,0,0,0,1,0,0,0,0,0,0,0,0,0,1,0,0
520,1,0.0,0.37170143252073384,0.0,0.0,0.18249984580226933,1,0,0,0,0,0,0,0,0,0,0,0,0,0,0,0,0,0,0,0,0,0,1,0,0
521,0,1.0,0.2711736617240512,0.0,0.0,0.015411575213749286,0,1,0,0,0,0,0,0,0,0,0,0,1,0,0,0,0,0,0,0,0,0,1,0,0
522,0,1.0,0.36792055349407915,0.0,0.0,0.014102260811993537,0,1,0,0,0,0,0,0,0,0,0,0,1,0,0,0,0,0,0,0,0,0,0,1,0
524,0,1.0,0.36792055349407915,0.0,0.0,0.014110458666029575,0,1,0,0,0,0,0,0,0,0,0,0,1,0,0,0,0,0,0,0,0,0,0,1,0
525,0,1.0,0.5036441316913798,0.0,0.0,0.015126992566498259,0,1,0,0,0,0,0,0,0,0,0,0,1,0,0,0,0,0,0,0,0,0,0,0,1
526,1,0.5,0.6230208595124404,0.0,0.0,0.020494635090094415,1,0,0,0,0,0,0,0,0,0,0,0,1,0,0,0,0,0,0,0,0,0,1,0,0
528,0,1.0,0.4847951746670017,0.0,0.0,0.015468569817999833,0,1,0,0,0,0,0,0,0,0,0,0,1,0,0,0,0,0,0,0,0,0,1,0,0
529,0,0.5,0.2837396330736366,0.25,0.16666666666666666,0.022446505098674838,0,1,0,0,0,0,0,0,0,0,0,0,1,0,0,0,0,0,0,0,0,0,1,0,0
530,1,0.5,0.01985423473234481,0.125,0.16666666666666666,0.050748620223090936,1,0,0,0,0,0,0,0,0,0,0,0,1,0,0,0,0,0,0,0,0,0,1,0,0
531,0,1.0,0.36792055349407915,0.0,0.0,0.014110458666029575,0,1,0,0,0,0,0,0,0,0,0,0,1,0,0,0,0,0,0,0,0,0,0,1,0
532,0,1.0,0.20834380497612465,0.125,0.16666666666666666,0.014110458666029575,0,1,0,0,0,0,0,0,0,0,0,0,1,0,0,0,0,0,0,0,0,0,0,1,0
534,0,1.0,0.37170143252073384,0.0,0.0,0.016908073949327893,1,0,0,0,0,0,0,0,0,0,0,0,1,0,0,0,0,0,0,0,0,0,1,0,0
535,1,0.5,0.08268409148027142,0.0,0.3333333333333333,0.05123658772523604,1,0,0,0,0,0,0,0,0,0,0,0,1,0,0,0,0,0,0,0,0,0,1,0,0
536,0,0.0,0.5601910027645137,0.0,0.0,0.051822148727810165,0,1,0,0,0,0,0,0,0,0,0,0,0,0,0,0,0,0,0,0,0,0,1,0,0
538,0,1.0,0.36792055349407915,0.0,0.0,0.028302115124416098,0,1,0,0,0,0,0,0,0,0,0,0,1,0,0,0,0,0,0,0,0,0,1,0,0
540,1,0.0,0.4470972606182458,0.0,0.3333333333333333,0.13858277060920987,1,0,0,0,0,0,0,0,0,0,0,0,0,0,0,0,0,0,0,0,0,0,1,0,0
543,1,0.5,0.39683337521990447,0.125,0.0,0.050748620223090936,0,1,0,0,0,0,0,0,0,0,0,0,1,0,0,0,0,0,0,0,0,0,1,0,0
545,0,0.0,0.7989444584066349,0.0,0.0,0.050748620223090936,0,1,0,0,0,0,0,0,0,0,0,0,1,0,0,0,0,0,0,0,0,0,1,0,0
546,1,0.5,0.2334757476752953,0.125,0.0,0.050748620223090936,1,0,0,0,0,0,0,0,0,0,0,0,1,0,0,0,0,0,0,0,0,0,1,0,0
547,1,0.5,0.36792055349407915,0.0,0.0,0.02705779799394608,0,1,0,0,0,0,0,0,0,0,0,0,1,0,0,0,0,0,0,0,0,0,0,1,0
548,0,1.0,0.4093993465694898,0.125,0.16666666666666666,0.04006213192611313,0,1,0,0,0,0,0,0,0,0,0,0,1,0,0,0,0,0,0,0,0,0,1,0,0
549,1,0.5,0.09525006282985675,0.125,0.16666666666666666,0.07173122281533045,0,1,0,0,0,0,0,0,0,0,0,0,1,0,0,0,0,0,0,0,0,0,1,0,0
551,0,0.5,0.33400351847197784,0.0,0.0,0.050748620223090936,0,1,0,0,0,0,0,0,0,0,0,0,1,0,0,0,0,0,0,0,0,0,1,0,0
552,0,1.0,0.36792055349407915,0.0,0.0,0.015281580671177828,0,1,0,0,0,0,0,0,0,0,0,0,1,0,0,0,0,0,0,0,0,0,0,0,1
553,1,1.0,0.2711736617240512,0.0,0.0,0.014102260811993537,0,1,0,0,0,0,0,0,0,0,0,0,1,0,0,0,0,0,0,0,0,0,0,1,0
554,1,1.0,0.2711736617240512,0.0,0.0,0.015175789316712771,1,0,0,0,0,0,0,0,0,0,0,0,1,0,0,0,0,0,0,0,0,0,1,0,0
555,0,0.0,0.7738125157074642,0.0,0.0,0.051822148727810165,0,1,0,0,0,0,0,0,0,0,0,0,1,0,0,0,0,0,0,0,0,0,1,0,0
558,1,0.0,0.4847951746670017,0.125,0.16666666666666666,0.1554664461834305,1,0,0,0,0,0,0,0,0,0,0,0,0,0,0,0,0,0,0,0,0,0,1,0,0
559,1,1.0,0.4470972606182458,0.125,0.0,0.033962538149299316,1,0,0,0,0,0,0,0,0,0,0,0,1,0,0,0,0,0,0,0,0,0,1,0,0
560,0,1.0,0.36792055349407915,0.0,0.0,0.015126992566498259,0,1,0,0,0,0,0,0,0,0,0,0,1,0,0,0,0,0,0,0,0,0,0,0,1
561,0,1.0,0.49736114601658704,0.0,0.0,0.015411575213749286,0,1,0,0,0,0,0,0,0,0,0,0,1,0,0,0,0,0,0,0,0,0,1,0,0
562,0,0.5,0.34656948982156316,0.0,0.0,0.026350245115835676,0,1,0,0,0,0,0,0,0,0,0,0,1,0,0,0,0,0,0,0,0,0,1,0,0
563,0,1.0,0.36792055349407915,0.0,0.0,0.015712553569072387,0,1,0,0,0,0,0,0,0,0,0,0,1,0,0,0,0,0,0,0,0,0,1,0,0
564,0,1.0,0.36792055349407915,0.0,0.0,0.015712553569072387,1,0,0,0,0,0,0,0,0,0,0,0,1,0,0,0,0,0,0,0,0,0,1,0,0
565,0,1.0,0.2963056044232219,0.25,0.0,0.04713766070721715,0,1,0,0,0,0,0,0,0,0,0,0,1,0,0,0,0,0,0,0,0,0,1,0,0
566,0,1.0,0.2334757476752953,0.0,0.0,0.015411575213749286,0,1,0,0,0,0,0,0,0,0,0,0,1,0,0,0,0,0,0,0,0,0,1,0,0
567,0,1.0,0.35913546117114853,0.0,0.6666666666666666,0.04113566043083236,1,0,0,0,0,0,0,0,0,0,0,0,1,0,0,0,0,0,0,0,0,0,1,0,0
568,0,1.0,0.36792055349407915,0.0,0.0,0.014110458666029575,0,1,0,0,0,0,0,0,0,0,0,0,1,0,0,0,0,0,0,0,0,0,0,1,0
569,1,1.0,0.39683337521990447,0.0,0.0,0.015330377421392339,0,1,0,0,0,0,0,0,0,0,0,0,1,0,0,0,0,0,0,0,0,0,1,0,0
570,1,0.5,0.7738125157074642,0.0,0.0,0.020494635090094415,0,1,0,0,0,0,0,0,0,0,0,0,1,0,0,0,0,0,0,0,0,0,1,0,0
572,1,0.0,0.4470972606182458,0.0,0.0,0.051504969851415845,0,1,0,0,0,0,0,0,0,0,0,0,0,0,0,0,0,0,0,0,0,1,1,0,0
573,1,1.0,0.36792055349407915,0.0,0.0,0.015126992566498259,1,0,0,0,0,0,0,0,0,0,0,0,1,0,0,0,0,0,0,0,0,0,0,0,1
574,0,1.0,0.19577783362653933,0.0,0.0,0.015712553569072387,0,1,0,0,0,0,0,0,0,0,0,0,1,0,0,0,0,0,0,0,0,0,1,0,0
575,0,1.0,0.2334757476752953,0.0,0.0,0.028302115124416098,0,1,0,0,0,0,0,0,0,0,0,0,1,0,0,0,0,0,0,0,0,0,1,0,0
576,1,0.5,0.4219653179190751,0.0,0.0,0.025374310111545468,1,0,0,0,0,0,0,0,0,0,0,0,1,0,0,0,0,0,0,0,0,0,1,0,0
577,1,0.0,0.4847951746670017,0.125,0.0,0.1091095334796455,1,0,0,0,0,0,0,0,0,0,0,0,0,0,0,0,0,0,0,0,0,0,1,0,0
578,0,1.0,0.36792055349407915,0.125,0.0,0.028220722145058292,1,0,0,0,0,0,0,0,0,0,0,0,1,0,0,0,0,0,0,0,0,0,0,1,0
579,1,1.0,0.39683337521990447,0.0,0.0,0.015468569817999833,0,1,0,0,0,0,0,0,0,0,0,0,1,0,0,0,0,0,0,0,0,0,1,0,0
580,1,0.5,0.3088715757728072,0.125,0.16666666666666666,0.05855610025741262,1,0,0,0,0,0,0,0,0,0,0,0,1,0,0,0,0,0,0,0,0,0,1,0,0
582,0,0.5,0.6732847449107816,0.0,0.0,0.050748620223090936,0,1,0,0,0,0,0,0,0,0,0,0,1,0,0,0,0,0,0,0,0,0,1,0,0
583,0,0.0,0.4470972606182458,0.0,0.0,0.07831878409428937,0,1,0,0,0,0,0,0,0,0,0,0,0,0,0,0,0,0,0,0,0,0,0,1,0
584,0,1.0,0.36792055349407915,0.0,0.0,0.017005667449756914,0,1,0,0,0,0,0,0,0,0,0,0,1,0,0,0,0,0,0,0,0,0,0,1,0
585,1,0.0,0.22090977632571,0.0,0.3333333333333333,0.1554664461834305,1,0,0,0,0,0,0,0,0,0,0,0,0,0,0,0,0,0,0,0,0,0,1,0,0
586,0,0.5,0.5853229454636844,0.0,0.0,0.02927805012870631,0,1,0,0,0,0,0,0,0,0,0,0,1,0,0,0,0,0,0,0,0,0,1,0,0
588,0,1.0,0.2711736617240512,0.0,0.0,0.015712553569072387,0,1,0,0,0,0,0,0,0,0,0,0,1,0,0,0,0,0,0,0,0,0,1,0,0
589,0,1.0,0.36792055349407915,0.0,0.0,0.015712553569072387,0,1,0,0,0,0,0,0,0,0,0,0,1,0,0,0,0,0,0,0,0,0,1,0,0
590,0,1.0,0.4345312892686604,0.0,0.0,0.013907073811135496,0,1,0,0,0,0,0,0,0,0,0,0,1,0,0,0,0,0,0,0,0,0,1,0,0
592,0,1.0,0.5853229454636844,0.0,0.0,0.014151057562208049,0,1,0,0,0,0,0,0,0,0,0,0,1,0,0,0,0,0,0,0,0,0,1,0,0
594,0,0.5,0.4596632319678311,0.125,0.0,0.050748620223090936,0,1,0,0,0,0,0,0,0,0,0,0,1,0,0,0,0,0,0,0,0,0,1,0,0
595,0,1.0,0.4470972606182458,0.125,0.16666666666666666,0.04713766070721715,0,1,0,0,0,0,0,0,0,0,0,0,1,0,0,0,0,0,0,0,0,0,1,0,0
596,1,0.5,0.36792055349407915,0.0,0.0,0.06441171028315387,1,0,0,0,0,0,0,0,0,0,0,0,1,0,0,0,0,0,0,0,0,0,1,0,0
597,0,1.0,0.610454888162855,0.0,0.0,0.0,0,1,0,0,0,0,0,0,0,0,1,0,1,0,0,0,0,0,0,0,0,0,1,0,0
598,0,1.0,0.36792055349407915,0.0,0.0,0.014102260811993537,0,1,0,0,0,0,0,0,0,0,0,0,1,0,0,0,0,0,0,0,0,0,0,1,0
600,1,0.5,0.2963056044232219,0.25,0.16666666666666666,0.05270049023167135,1,0,0,0,0,0,0,0,0,0,0,0,1,0,0,0,0,0,0,0,0,0,1,0,0
601,0,1.0,0.36792055349407915,0.0,0.0,0.015411575213749286,0,1,0,0,0,0,0,0,0,0,0,0,1,0,0,0,0,0,0,0,0,0,1,0,0
602,0,0.0,0.36792055349407915,0.0,0.0,0.08275928836380983,0,1,0,0,0,0,0,0,0,0,0,0,1,0,0,0,0,0,0,0,0,0,1,0,0
603,0,1.0,0.5476250314149284,0.0,0.0,0.015712553569072387,0,1,0,0,0,0,0,0,0,0,0,0,1,0,0,0,0,0,0,0,0,0,1,0,0
604,1,0.0,0.4345312892686604,0.0,0.0,0.051822148727810165,0,1,0,0,0,0,0,0,0,0,0,0,1,0,0,0,0,0,0,0,0,0,0,1,0
605,0,1.0,0.4470972606182458,0.125,0.0,0.030351578633425542,0,1,0,0,0,0,0,0,0,0,0,0,1,0,0,0,0,0,0,0,0,0,1,0,0
606,0,1.0,0.37170143252073384,0.0,0.0,0.015411575213749286,0,1,0,0,0,0,0,0,0,0,0,0,1,0,0,0,0,0,0,0,0,0,1,0,0
607,1,0.0,0.33400351847197784,0.0,0.0,0.05953203526170282,0,1,0,0,0,0,0,0,0,0,0,0,1,0,0,0,0,0,0,0,0,0,1,0,0
609,1,0.0,0.49736114601658704,0.0,0.0,0.2995388511917728,1,0,0,0,0,0,0,0,0,0,0,0,0,0,0,0,0,0,0,0,0,0,1,0,0
611,0,1.0,0.36792055349407915,0.0,0.0,0.013760683560491965,0,1,0,0,0,0,0,0,0,0,0,0,1,0,0,0,0,0,0,0,0,0,1,0,0
612,1,1.0,0.36792055349407915,0.125,0.0,0.030253985132996517,1,0,0,0,0,0,0,0,0,0,0,0,1,0,0,0,0,0,0,0,0,0,0,0,1
613,0,1.0,0.36792055349407915,0.0,0.0,0.015126992566498259,0,1,0,0,0,0,0,0,0,0,0,0,1,0,0,0,0,0,0,0,0,0,0,0,1
614,0,1.0,0.4345312892686604,0.0,0.0,0.015712553569072387,0,1,0,0,0,0,0,0,0,0,0,0,1,0,0,0,0,0,0,0,0,0,1,0,0
615,1,0.5,0.2963056044232219,0.125,0.3333333333333333,0.12687155055772734,1,0,0,0,0,0,0,0,0,0,0,0,1,0,0,0,0,0,0,0,0,0,1,0,0
616,0,1.0,0.4219653179190751,0.125,0.16666666666666666,0.028106928123558056,0,1,0,0,0,0,0,0,0,0,0,0,1,0,0,0,0,0,0,0,0,0,1,0,0
617,0,1.0,0.32143754712239253,0.125,0.0,0.031425107138144774,1,0,0,0,0,0,0,0,0,0,0,0,1,0,0,0,0,0,0,0,0,0,1,0,0
619,0,0.5,0.32143754712239253,0.0,0.0,0.020494635090094415,0,1,0,0,0,0,0,0,0,0,0,0,1,0,0,0,0,0,0,0,0,0,1,0,0
620,0,1.0,0.33400351847197784,0.125,0.0,0.028212719478023115,0,1,0,0,0,0,0,0,0,0,0,0,1,0,0,0,0,0,0,0,0,0,0,1,0
621,1,0.0,0.5224930887157577,0.125,0.0,0.10257896680493714,0,1,0,0,0,0,0,0,0,0,0,0,0,0,0,0,0,0,0,0,0,0,1,0,0
622,1,1.0,0.24604171902488062,0.125,0.16666666666666666,0.030725752114070404,0,1,0,0,0,0,0,0,0,0,0,0,1,0,0,0,0,0,0,0,0,0,0,1,0
623,0,1.0,0.2586076903744659,0.0,0.0,0.015330377421392339,0,1,0,0,0,0,0,0,0,0,0,0,1,0,0,0,0,0,0,0,0,0,1,0,0
624,0,1.0,0.2586076903744659,0.0,0.0,0.031425107138144774,0,1,0,0,0,0,0,0,0,0,0,0,1,0,0,0,0,0,0,0,0,0,1,0,0
625,0,0.0,0.7612465443578789,0.0,0.0,0.06308600017332605,0,1,0,0,0,0,0,0,0,0,0,0,0,0,0,0,0,0,0,0,0,0,1,0,0
627,1,0.0,0.2586076903744659,0.0,0.0,0.15216446768991498,1,0,0,0,0,0,0,0,0,0,0,0,0,0,0,0,0,0,0,0,0,0,1,0,0
628,0,1.0,0.32143754712239253,0.0,0.0,0.015411575213749286,0,1,0,0,0,0,0,0,0,0,0,0,1,0,0,0,0,0,0,0,0,0,1,0,0
629,0,1.0,0.36792055349407915,0.0,0.0,0.015094396337354966,0,1,0,0,0,0,0,0,0,0,0,0,1,0,0,0,0,0,0,0,0,0,0,0,1
630,1,0.0,1.0,0.0,0.0,0.05855610025741262,0,1,0,0,0,0,0,0,0,0,0,0,0,0,0,0,0,0,0,0,0,0,1,0,0
631,0,1.0,0.6355868308620256,0.0,0.0,0.013768881414528002,0,1,0,0,0,0,0,0,0,0,0,0,1,0,0,0,0,0,0,0,0,0,1,0,0
632,1,0.0,0.39683337521990447,0.0,0.0,0.05953203526170282,0,1,0,0,0,0,0,0,0,0,0,0,0,0,0,0,0,0,0,0,0,0,0,1,0
633,0,0.0,0.36792055349407915,0.0,0.0,0.0,0,1,0,0,0,0,0,0,0,0,0,0,1,0,0,0,0,0,0,0,0,0,1,0,0
635,1,0.5,0.34656948982156316,0.0,0.0,0.025374310111545468,1,0,0,0,0,0,0,0,0,0,0,0,1,0,0,0,0,0,0,0,0,0,1,0,0
636,0,1.0,0.39683337521990447,0.0,0.0,0.015468569817999833,0,1,0,0,0,0,0,0,0,0,0,0,1,0,0,0,0,0,0,0,0,0,1,0,0
637,0,0.5,0.38426740387031916,0.125,0.16666666666666666,0.05123658772523604,0,1,0,0,0,0,0,0,0,0,0,0,1,0,0,0,0,0,0,0,0,0,1,0,0
639,0,1.0,0.36792055349407915,0.125,0.0,0.031425107138144774,0,1,0,0,0,0,0,0,0,0,0,0,1,0,0,0,0,0,0,0,0,0,1,0,0
640,0,1.0,0.24604171902488062,0.0,0.0,0.015330377421392339,0,1,0,0,0,0,0,0,0,0,0,0,1,0,0,0,0,0,0,0,0,0,1,0,0
641,1,0.0,0.2963056044232219,0.0,0.0,0.13526459159462315,1,0,0,0,0,0,0,0,0,0,0,0,0,0,0,0,0,0,0,0,0,0,0,1,0
643,1,1.0,0.36792055349407915,0.0,0.0,0.11027245763075773,0,1,0,1,0,0,0,0,0,0,0,0,1,0,0,0,0,0,0,0,0,0,1,0,0
646,0,1.0,0.2334757476752953,0.0,0.0,0.015411575213749286,0,1,0,0,0,0,0,0,0,0,0,0,1,0,0,0,0,0,0,0,0,0,1,0,0
648,0,1.0,0.36792055349407915,0.0,0.0,0.014736618564782174,0,1,0,0,0,0,0,0,0,0,0,0,1,0,0,0,0,0,0,0,0,0,1,0,0
649,1,1.0,0.2837396330736366,0.0,0.0,0.014736618564782174,1,0,0,0,0,0,0,0,0,0,0,0,1,0,0,0,0,0,0,0,0,0,1,0,0
650,0,1.0,0.36792055349407915,0.0,0.0,0.015411575213749286,0,1,0,0,0,0,0,0,0,0,0,0,1,0,0,0,0,0,0,0,0,0,1,0,0
651,1,0.5,0.22090977632571,0.0,0.16666666666666666,0.044893010197349675,1,0,0,0,0,0,0,0,0,0,0,0,1,0,0,0,0,0,0,0,0,0,1,0,0
652,0,1.0,0.2586076903744659,0.0,0.0,0.01646070534336126,0,1,0,0,0,0,0,0,0,0,0,0,1,0,0,0,0,0,0,0,0,0,1,0,0
653,1,1.0,0.36792055349407915,0.0,0.0,0.015281580671177828,1,0,0,0,0,0,0,0,0,0,0,0,1,0,0,0,0,0,0,0,0,0,0,0,1
654,0,1.0,0.22090977632571,0.0,0.0,0.013175122557917838,1,0,0,0,0,0,0,0,0,0,0,0,1,0,0,0,0,0,0,0,0,0,0,0,1
656,0,1.0,0.36792055349407915,0.0,0.0,0.015411575213749286,0,1,0,0,0,0,0,0,0,0,0,0,1,0,0,0,0,0,0,0,0,0,1,0,0
658,0,0.5,0.2837396330736366,0.0,0.0,0.025374310111545468,0,1,0,0,0,0,0,0,0,0,0,0,1,0,0,0,0,0,0,0,0,0,1,0,0
661,0,1.0,0.49736114601658704,0.0,0.0,0.014102260811993537,0,1,0,0,0,0,0,0,0,0,0,0,1,0,0,0,0,0,0,0,0,0,0,1,0
662,0,0.0,0.5853229454636844,0.0,0.0,0.04994347384455151,0,1,0,0,0,0,0,0,0,0,0,0,0,0,0,0,0,0,0,0,0,0,1,0,0
663,0,1.0,0.4470972606182458,0.0,0.0,0.014630827210317117,0,1,0,0,0,0,0,0,0,0,0,0,1,0,0,0,0,0,0,0,0,0,1,0,0
664,1,1.0,0.24604171902488062,0.125,0.0,0.015468569817999833,0,1,0,0,0,0,0,0,0,0,0,0,1,0,0,0,0,0,0,0,0,0,1,0,0
666,0,0.5,0.3088715757728072,0.0,0.0,0.025374310111545468,0,1,0,0,0,0,0,0,0,0,0,0,1,0,0,0,0,0,0,0,0,0,1,0,0
667,0,1.0,0.36792055349407915,0.0,0.0,0.015175789316712771,0,1,0,0,0,0,0,0,0,0,0,0,1,0,0,0,0,0,0,0,0,0,1,0,0
668,0,1.0,0.5350590600653431,0.0,0.0,0.015712553569072387,0,1,0,0,0,0,0,0,0,0,0,0,1,0,0,0,0,0,0,0,0,0,1,0,0
669,1,0.0,0.36792055349407915,0.125,0.0,0.10149724044618187,1,0,0,0,0,0,0,0,0,0,0,0,0,0,0,0,0,0,0,0,0,0,1,0,0
670,1,0.5,0.49736114601658704,0.125,0.16666666666666666,0.07612293033463641,1,0,0,0,0,0,0,0,0,0,0,0,1,0,0,0,0,0,0,0,0,0,1,0,0
671,0,0.0,0.38426740387031916,0.125,0.0,0.10149724044618187,0,1,0,0,0,0,0,0,0,0,0,0,0,0,0,0,0,0,0,0,0,0,1,0,0
672,0,0.5,0.8743402865041467,0.0,0.0,0.020494635090094415,0,1,0,0,0,0,0,0,0,0,0,0,1,0,0,0,0,0,0,0,0,0,1,0,0
673,1,0.5,0.38426740387031916,0.0,0.0,0.025374310111545468,0,1,0,0,0,0,0,0,0,0,0,0,1,0,0,0,0,0,0,0,0,0,1,0,0
674,0,0.5,0.36792055349407915,0.0,0.0,0.0,0,1,0,0,0,0,0,0,0,0,0,0,1,0,0,0,0,0,0,0,0,0,1,0,0
675,0,1.0,0.22090977632571,0.0,0.0,0.015175789316712771,0,1,0,0,0,0,0,0,0,0,0,0,1,0,0,0,0,0,0,0,0,0,1,0,0
676,0,1.0,0.30258859009801453,0.0,0.0,0.015712553569072387,0,1,0,0,0,0,0,0,0,0,0,0,1,0,0,0,0,0,0,0,0,0,1,0,0
677,1,1.0,0.22090977632571,0.0,0.0,0.019209719063445922,1,0,0,0,0,0,0,0,0,0,0,0,1,0,0,0,0,0,0,0,0,0,1,0,0
680,0,1.0,0.36792055349407915,0.0,0.0,0.01588334219482317,1,0,0,0,0,0,0,0,0,0,0,0,1,0,0,0,0,0,0,0,0,0,0,0,1
681,1,0.0,0.33400351847197784,0.0,0.0,0.1497654242623688,0,1,0,0,0,0,0,0,0,0,0,0,0,0,0,0,0,0,0,0,0,0,0,1,0
682,0,1.0,0.24604171902488062,0.0,0.0,0.01800600082915438,0,1,0,0,0,0,0,0,0,0,0,0,1,0,0,0,0,0,0,0,0,0,1,0,0
684,0,0.5,0.7486805730082936,0.125,0.16666666666666666,0.07612293033463641,0,1,0,0,0,0,0,0,0,0,0,0,1,0,0,0,0,0,0,0,0,0,1,0,0
687,0,1.0,0.2334757476752953,0.0,0.0,0.019852079483269742,0,1,0,0,0,0,0,0,0,0,0,0,1,0,0,0,0,0,0,0,0,0,1,0,0
688,0,1.0,0.22090977632571,0.0,0.0,0.015216388212891242,0,1,0,0,0,0,0,0,0,0,0,0,1,0,0,0,0,0,0,0,0,0,1,0,0
690,1,0.0,0.38426740387031916,0.125,0.0,0.11125659048908397,0,1,0,0,0,0,0,0,0,0,0,0,0,0,0,0,0,0,0,0,0,0,1,0,0
692,1,1.0,0.36792055349407915,0.0,0.0,0.11027245763075773,0,1,0,1,0,0,0,0,0,0,0,0,1,0,0,0,0,0,0,0,0,0,1,0,0
693,0,1.0,0.3088715757728072,0.0,0.0,0.014102260811993537,0,1,0,0,0,0,0,0,0,0,0,0,1,0,0,0,0,0,0,0,0,0,0,1,0
694,0,0.0,0.7486805730082936,0.0,0.0,0.051822148727810165,0,1,0,0,0,0,0,0,0,0,0,0,1,0,0,0,0,0,0,0,0,0,1,0,0
695,0,0.5,0.648152802211611,0.0,0.0,0.026350245115835676,0,1,0,0,0,0,0,0,0,0,0,0,1,0,0,0,0,0,0,0,0,0,1,0,0
696,0,1.0,0.5476250314149284,0.0,0.0,0.015712553569072387,0,1,0,0,0,0,0,0,0,0,0,0,1,0,0,0,0,0,0,0,0,0,1,0,0
697,1,1.0,0.36792055349407915,0.0,0.0,0.015094396337354966,1,0,0,0,0,0,0,0,0,0,0,0,1,0,0,0,0,0,0,0,0,0,0,0,1
699,0,1.0,0.5224930887157577,0.0,0.0,0.014931805565640218,0,1,0,0,0,0,0,0,0,0,0,0,0,0,0,0,0,0,0,0,0,0,1,0,0
701,1,0.0,0.4345312892686604,0.0,0.0,0.05130978285055781,0,1,0,0,0,0,0,0,0,0,0,0,0,0,0,0,0,0,0,0,0,0,1,0,0
703,0,1.0,0.3088715757728072,0.0,0.0,0.015110792045427042,0,1,0,0,0,0,0,0,0,0,0,0,1,0,0,0,0,0,0,0,0,0,0,0,1
704,0,1.0,0.32143754712239253,0.125,0.0,0.015330377421392339,0,1,0,0,0,0,0,0,0,0,0,0,1,0,0,0,0,0,0,0,0,0,1,0,0
705,0,0.5,0.4847951746670017,0.0,0.0,0.050748620223090936,0,1,0,0,0,0,0,0,0,0,0,0,1,0,0,0,0,0,0,0,0,0,1,0,0
706,1,0.5,0.5601910027645137,0.0,0.0,0.026350245115835676,1,0,0,0,0,0,0,0,0,0,0,0,1,0,0,0,0,0,0,0,0,0,1,0,0
707,1,0.0,0.5224930887157577,0.0,0.0,0.05130978285055781,0,1,0,0,0,0,0,0,0,0,0,0,0,0,0,0,0,0,0,0,0,0,1,0,0
708,1,0.0,0.2711736617240512,0.0,0.0,0.29580589980036276,1,0,0,0,0,0,0,0,0,0,0,0,1,0,0,0,0,0,0,0,0,0,1,0,0
709,1,1.0,0.36792055349407915,0.125,0.16666666666666666,0.029757819776815374,0,1,0,0,0,0,0,0,0,0,0,0,1,0,0,0,0,0,0,0,0,0,0,1,0
711,0,0.0,0.36792055349407915,0.0,0.0,0.051822148727810165,0,1,0,0,0,0,0,0,0,0,0,0,0,0,0,0,0,0,0,0,0,0,1,0,0
712,1,0.0,0.5978889168132697,0.125,0.0,0.10149724044618187,0,1,0,0,0,0,0,0,0,0,0,0,0,0,0,0,0,0,0,0,0,0,1,0,0
713,0,1.0,0.35913546117114853,0.0,0.0,0.018510168852370702,0,1,0,0,0,0,0,0,0,0,0,0,1,0,0,0,0,0,0,0,0,0,1,0,0
714,0,0.5,0.648152802211611,0.0,0.0,0.025374310111545468,0,1,0,0,0,0,0,0,0,0,0,0,1,0,0,0,0,0,0,0,0,0,1,0,0
715,0,1.0,0.2334757476752953,0.0,0.0,0.014931805565640218,0,1,0,0,0,0,0,0,0,0,0,0,0,0,0,0,0,0,0,0,0,0,1,0,0
718,0,1.0,0.36792055349407915,0.0,0.0,0.030253985132996517,0,1,0,0,0,0,0,0,0,0,0,0,1,0,0,0,0,0,0,0,0,0,0,0,1
719,0,1.0,0.4093993465694898,0.0,0.0,0.015175789316712771,0,1,0,0,0,0,0,0,0,0,0,0,1,0,0,0,0,0,0,0,0,0,1,0,0
720,1,0.5,0.0701181201306861,0.0,0.16666666666666666,0.06441171028315387,1,0,0,0,0,0,0,0,0,0,0,0,1,0,0,0,0,0,0,0,0,0,1,0,0
721,0,1.0,0.20834380497612465,0.125,0.0,0.013768881414528002,0,1,0,0,0,0,0,0,0,0,0,0,1,0,0,0,0,0,0,0,0,0,1,0,0
722,0,0.5,0.4219653179190751,0.0,0.0,0.025374310111545468,0,1,0,0,0,0,0,0,0,0,0,0,1,0,0,0,0,0,0,0,0,0,1,0,0
723,0,0.5,0.6230208595124404,0.0,0.0,0.025374310111545468,0,1,0,0,0,0,0,0,0,0,0,0,1,0,0,0,0,0,0,0,0,0,1,0,0
724,1,0.0,0.33400351847197784,0.125,0.0,0.10364429745562033,0,1,0,0,0,0,0,0,0,0,0,0,0,0,0,0,0,0,0,0,0,0,1,0,0
725,0,1.0,0.24604171902488062,0.0,0.0,0.016908073949327893,0,1,0,0,0,0,0,0,0,0,0,0,1,0,0,0,0,0,0,0,0,0,1,0,0
726,1,0.5,0.37170143252073384,0.375,0.0,0.04098927018018883,1,0,0,0,0,0,0,0,0,0,0,0,1,0,0,0,0,0,0,0,0,0,1,0,0
727,1,1.0,0.36792055349407915,0.0,0.0,0.015102594191391004,1,0,0,0,0,0,0,0,0,0,0,0,1,0,0,0,0,0,0,0,0,0,0,0,1
728,0,0.5,0.3088715757728072,0.125,0.0,0.050748620223090936,0,1,0,0,0,0,0,0,0,0,0,0,1,0,0,0,0,0,0,0,0,0,1,0,0
729,0,1.0,0.3088715757728072,0.125,0.0,0.015468569817999833,1,0,0,0,0,0,0,0,0,0,0,0,1,0,0,0,0,0,0,0,0,0,1,0,0
731,0,1.0,0.1329479768786127,0.0,0.0,0.036670757786204655,0,1,0,0,0,0,0,0,0,0,0,0,1,0,0,0,0,0,0,0,0,0,0,1,0
732,0,0.5,0.36792055349407915,0.0,0.0,0.0,0,1,0,0,0,0,0,0,0,0,0,0,1,0,0,0,0,0,0,0,0,0,1,0,0
733,0,0.5,0.2837396330736366,0.0,0.0,0.025374310111545468,0,1,0,0,0,0,0,0,0,0,0,0,1,0,0,0,0,0,0,0,0,0,1,0,0
734,0,0.5,0.2837396330736366,0.0,0.0,0.025374310111545468,0,1,0,0,0,0,0,0,0,0,0,0,1,0,0,0,0,0,0,0,0,0,1,0,0
735,0,1.0,0.35285247549635584,0.0,0.0,0.031425107138144774,0,1,0,0,0,0,0,0,0,0,0,0,1,0,0,0,0,0,0,0,0,0,1,0,0
736,0,1.0,0.5978889168132697,0.125,0.5,0.06709553154495196,1,0,0,0,0,0,0,0,0,0,0,0,1,0,0,0,0,0,0,0,0,0,1,0,0
738,0,1.0,0.36792055349407915,0.0,0.0,0.015411575213749286,0,1,0,0,0,0,0,0,0,0,0,0,1,0,0,0,0,0,0,0,0,0,1,0,0
739,0,1.0,0.36792055349407915,0.0,0.0,0.015411575213749286,0,1,0,0,0,0,0,0,0,0,0,0,1,0,0,0,0,0,0,0,0,0,1,0,0
740,1,0.0,0.36792055349407915,0.0,0.0,0.05855610025741262,0,1,0,0,0,0,0,0,0,0,0,0,0,0,0,0,0,0,0,0,0,0,1,0,0
741,0,0.0,0.4470972606182458,0.125,0.0,0.15390495017656614,0,1,0,0,0,0,0,0,0,0,0,0,0,0,0,0,0,0,0,0,0,0,1,0,0
743,0,1.0,0.2963056044232219,0.125,0.0,0.031425107138144774,0,1,0,0,0,0,0,0,0,0,0,0,1,0,0,0,0,0,0,0,0,0,1,0,0
744,1,1.0,0.38426740387031916,0.0,0.0,0.015468569817999833,0,1,0,0,0,0,0,0,0,0,0,0,1,0,0,0,0,0,0,0,0,0,1,0,0
746,0,1.0,0.19577783362653933,0.125,0.16666666666666666,0.03952536767375352,0,1,0,0,0,0,0,0,0,0,0,0,1,0,0,0,0,0,0,0,0,0,1,0,0
747,1,0.5,0.37170143252073384,0.0,0.0,0.025374310111545468,1,0,0,0,0,0,0,0,0,0,0,0,1,0,0,0,0,0,0,0,0,0,1,0,0
748,0,0.0,0.2334757476752953,0.125,0.0,0.10364429745562033,0,1,0,0,0,0,0,0,0,0,0,0,0,0,0,0,0,0,0,0,0,0,1,0,0
749,0,1.0,0.38426740387031916,0.0,0.0,0.015126992566498259,0,1,0,0,0,0,0,0,0,0,0,0,1,0,0,0,0,0,0,0,0,0,0,0,1
750,1,0.5,0.04498617743151546,0.125,0.16666666666666666,0.044893010197349675,1,0,0,0,0,0,0,0,0,0,0,0,1,0,0,0,0,0,0,0,0,0,1,0,0
751,1,1.0,0.0701181201306861,0.0,0.16666666666666666,0.024349578357040744,0,1,0,0,0,0,0,0,0,0,0,0,0,0,0,0,0,0,0,0,0,0,1,0,0
752,0,1.0,0.4093993465694898,0.0,0.0,0.018542765081513996,0,1,0,0,0,0,0,0,0,0,0,0,1,0,0,0,0,0,0,0,0,0,1,0,0
753,0,1.0,0.2837396330736366,0.0,0.0,0.015411575213749286,0,1,0,0,0,0,0,0,0,0,0,0,1,0,0,0,0,0,0,0,0,0,1,0,0
754,1,0.5,0.5978889168132697,0.125,0.3333333333333333,0.12687155055772734,1,0,0,0,0,0,0,0,0,0,0,0,1,0,0,0,0,0,0,0,0,0,1,0,0
755,1,0.5,0.003141492837396331,0.125,0.16666666666666666,0.028302115124416098,0,1,0,0,0,0,0,0,0,0,0,0,1,0,0,0,0,0,0,0,0,0,1,0,0
756,0,1.0,0.34656948982156316,0.0,0.0,0.015216388212891242,0,1,0,0,0,0,0,0,0,0,0,0,1,0,0,0,0,0,0,0,0,0,1,0,0
757,0,0.5,0.22090977632571,0.0,0.0,0.022446505098674838,0,1,0,0,0,0,0,0,0,0,0,0,1,0,0,0,0,0,0,0,0,0,1,0,0
758,0,1.0,0.4219653179190751,0.0,0.0,0.015712553569072387,0,1,0,0,0,0,0,0,0,0,0,0,1,0,0,0,0,0,0,0,0,0,1,0,0
759,1,0.0,0.4093993465694898,0.0,0.0,0.16883675574220638,1,0,0,0,0,0,0,0,0,0,0,0,0,0,0,0,0,0,0,0,0,0,1,0,0
760,0,1.0,0.36792055349407915,0.0,0.0,0.028302115124416098,0,1,0,0,0,0,0,0,0,0,0,0,1,0,0,0,0,0,0,0,0,0,1,0,0
761,0,1.0,0.5099271173661725,0.0,0.0,0.013907073811135496,0,1,0,0,0,0,0,0,0,0,0,0,1,0,0,0,0,0,0,0,0,0,1,0,0
762,1,1.0,0.24604171902488062,0.0,0.0,0.014110458666029575,0,1,0,0,0,0,0,0,0,0,0,0,1,0,0,0,0,0,0,0,0,0,0,1,0
764,0,1.0,0.19577783362653933,0.0,0.0,0.015175789316712771,0,1,0,0,0,0,0,0,0,0,0,0,1,0,0,0,0,0,0,0,0,0,1,0,0
765,1,0.0,0.6355868308620256,0.125,0.0,0.15216446768991498,1,0,0,0,0,0,0,0,0,0,0,0,0,0,0,0,0,0,0,0,0,0,1,0,0
766,0,0.0,0.36792055349407915,0.0,0.0,0.07729405233978466,0,1,0,0,0,0,0,0,0,0,0,0,1,0,0,0,0,0,0,0,0,0,0,1,0
767,0,1.0,0.3779844181955265,0.0,0.0,0.015126992566498259,1,0,0,0,0,0,0,0,0,0,0,0,1,0,0,0,0,0,0,0,0,0,0,0,1
768,0,1.0,0.36792055349407915,0.125,0.0,0.04713766070721715,0,1,0,0,0,0,0,0,0,0,0,0,1,0,0,0,0,0,0,0,0,0,0,0,1
769,0,1.0,0.39683337521990447,0.0,0.0,0.016322512946753766,0,1,0,0,0,0,0,0,0,0,0,0,1,0,0,0,0,0,0,0,0,0,1,0,0
770,0,1.0,0.2963056044232219,0.0,0.0,0.018542765081513996,0,1,0,0,0,0,0,0,0,0,0,0,1,0,0,0,0,0,0,0,0,0,1,0,0
771,0,1.0,0.5978889168132697,0.0,0.0,0.015330377421392339,0,1,0,0,0,0,0,0,0,0,0,0,1,0,0,0,0,0,0,0,0,0,1,0,0
772,0,0.5,0.7109826589595376,0.0,0.0,0.020494635090094415,1,0,0,0,0,0,0,0,0,0,0,0,0,0,0,0,0,0,0,0,0,0,1,0,0
773,0,1.0,0.36792055349407915,0.0,0.0,0.014102260811993537,0,1,0,0,0,0,0,0,0,0,0,0,1,0,0,0,0,0,0,0,0,0,0,1,0
774,1,0.5,0.6732847449107816,0.125,0.5,0.044893010197349675,1,0,0,0,0,0,0,0,0,0,0,0,1,0,0,0,0,0,0,0,0,0,1,0,0
775,0,1.0,0.22090977632571,0.0,0.0,0.015126992566498259,0,1,0,0,0,0,0,0,0,0,0,0,1,0,0,0,0,0,0,0,0,0,1,0,0
776,0,1.0,0.36792055349407915,0.0,0.0,0.015126992566498259,0,1,0,0,0,0,0,0,0,0,0,0,0,0,0,0,0,0,0,0,0,0,0,0,1
777,1,1.0,0.05755214878110078,0.0,0.0,0.024349578357040744,1,0,0,0,0,0,0,0,0,0,0,0,1,0,0,0,0,0,0,0,0,0,1,0,0
778,0,1.0,0.36792055349407915,0.0,0.0,0.015102594191391004,0,1,0,0,0,0,0,0,0,0,0,0,1,0,0,0,0,0,0,0,0,0,0,0,1
780,1,1.0,0.15807991957778336,0.0,0.0,0.014110458666029575,1,0,0,0,0,0,0,0,0,0,0,0,1,0,0,0,0,0,0,0,0,0,0,1,0
781,1,0.0,0.20834380497612465,0.125,0.0,0.11125659048908397,1,0,0,0,0,0,0,0,0,0,0,0,0,0,0,0,0,0,0,0,0,0,1,0,0
782,0,0.0,0.35913546117114853,0.0,0.0,0.05855610025741262,0,1,0,0,0,0,0,0,0,0,0,0,0,0,0,0,0,0,0,0,0,0,1,0,0
783,0,1.0,0.36792055349407915,0.125,0.3333333333333333,0.04577135170121086,0,1,0,0,0,0,0,0,0,0,0,0,1,0,0,0,0,0,0,0,0,0,1,0,0
784,0,1.0,0.3088715757728072,0.0,0.0,0.013760683560491965,0,1,0,0,0,0,0,0,0,0,0,0,1,0,0,0,0,0,0,0,0,0,1,0,0
785,0,1.0,0.3088715757728072,0.0,0.0,0.014151057562208049,0,1,0,0,0,0,0,0,0,0,0,0,1,0,0,0,0,0,0,0,0,0,1,0,0
786,1,1.0,0.22090977632571,0.0,0.0,0.014630827210317117,1,0,0,0,0,0,0,0,0,0,0,0,1,0,0,0,0,0,0,0,0,0,1,0,0
788,1,1.0,0.007288263382759488,0.125,0.3333333333333333,0.04015972542654215,0,1,0,0,0,0,0,0,0,0,0,0,1,0,0,0,0,0,0,0,0,0,1,0,0
790,0,1.0,0.36792055349407915,0.0,0.0,0.015126992566498259,0,1,0,0,0,0,0,0,0,0,0,0,1,0,0,0,0,0,0,0,0,0,0,0,1
791,0,0.5,0.19577783362653933,0.0,0.0,0.050748620223090936,0,1,0,0,0,0,0,0,0,0,0,0,1,0,0,0,0,0,0,0,0,0,1,0,0
793,0,0.0,0.36792055349407915,0.0,0.0,0.05991421140938287,0,1,0,0,0,0,0,0,0,0,0,0,1,0,0,0,0,0,0,0,0,0,0,1,0
794,0,1.0,0.3088715757728072,0.0,0.0,0.015411575213749286,0,1,0,0,0,0,0,0,0,0,0,0,1,0,0,0,0,0,0,0,0,0,1,0,0
795,0,0.5,0.4847951746670017,0.0,0.0,0.025374310111545468,0,1,0,0,0,0,0,0,0,0,0,0,1,0,0,0,0,0,0,0,0,0,1,0,0
796,1,0.0,0.610454888162855,0.0,0.0,0.050610427826483444,1,0,0,0,0,0,0,0,0,0,0,0,0,0,0,0,0,0,0,0,0,0,1,0,0
797,1,1.0,0.38426740387031916,0.0,0.0,0.016948672845506364,1,0,0,0,0,0,0,0,0,0,0,0,1,0,0,0,0,0,0,0,0,0,1,0,0
798,0,1.0,0.37170143252073384,0.0,0.0,0.014110458666029575,0,1,0,0,0,0,0,0,0,0,0,0,1,0,0,0,0,0,0,0,0,0,0,1,0
799,0,1.0,0.37170143252073384,0.125,0.16666666666666666,0.04713766070721715,1,0,0,0,0,0,0,0,0,0,0,0,1,0,0,0,0,0,0,0,0,0,1,0,0
800,0,0.5,0.4219653179190751,0.0,0.0,0.025374310111545468,0,1,0,0,0,0,0,0,0,0,0,0,1,0,0,0,0,0,0,0,0,0,1,0,0
801,1,0.5,0.38426740387031916,0.125,0.16666666666666666,0.05123658772523604,1,0,0,0,0,0,0,0,0,0,0,0,1,0,0,0,0,0,0,0,0,0,1,0,0
803,1,1.0,0.0,0.0,0.16666666666666666,0.016623491302076868,0,1,0,0,0,0,0,0,0,0,0,0,1,0,0,0,0,0,0,0,0,0,0,1,0
804,1,1.0,0.33400351847197784,0.0,0.0,0.013614293309848433,0,1,0,0,0,0,0,0,0,0,0,0,1,0,0,0,0,0,0,0,0,0,1,0,0
805,0,1.0,0.38426740387031916,0.0,0.0,0.015175789316712771,0,1,0,0,0,0,0,0,0,0,0,0,1,0,0,0,0,0,0,0,0,0,1,0,0
806,0,0.0,0.4847951746670017,0.0,0.0,0.0,0,1,0,0,0,0,0,0,0,0,0,0,0,0,0,0,0,0,0,0,0,0,1,0,0
807,0,1.0,0.22090977632571,0.0,0.0,0.015175789316712771,1,0,0,0,0,0,0,0,0,0,0,0,1,0,0,0,0,0,0,0,0,0,1,0,0
808,0,0.5,0.4847951746670017,0.0,0.0,0.025374310111545468,0,1,0,0,0,0,0,0,0,0,0,0,1,0,0,0,0,0,0,0,0,0,1,0,0
809,1,0.0,0.4093993465694898,0.125,0.0,0.10364429745562033,1,0,0,0,0,0,0,0,0,0,0,0,0,0,0,0,0,0,0,0,0,0,1,0,0
810,0,1.0,0.32143754712239253,0.0,0.0,0.015395374692678068,0,1,0,0,0,0,0,0,0,0,0,0,1,0,0,0,0,0,0,0,0,0,1,0,0
811,0,1.0,0.4847951746670017,0.0,0.0,0.04713766070721715,0,1,0,0,0,0,0,0,0,0,0,0,1,0,0,0,0,0,0,0,0,0,1,0,0
812,0,0.5,0.4345312892686604,0.0,0.0,0.020494635090094415,0,1,0,0,0,0,0,0,0,0,0,0,1,0,0,0,0,0,0,0,0,0,1,0,0
814,0,1.0,0.3779844181955265,0.0,0.0,0.015712553569072387,0,1,0,0,0,0,0,0,0,0,0,0,1,0,0,0,0,0,0,0,0,0,1,0,0
815,0,0.0,0.36792055349407915,0.0,0.0,0.0,0,1,0,0,0,0,0,0,0,0,0,0,0,0,0,0,0,0,0,0,0,0,1,0,0
816,0,1.0,0.2837396330736366,0.0,0.0,0.015468569817999833,1,0,0,0,0,0,0,0,0,0,0,0,1,0,0,0,0,0,0,0,0,0,1,0,0
817,0,0.5,0.38426740387031916,0.125,0.16666666666666666,0.07222738817151159,0,1,0,0,0,0,0,0,0,0,0,0,1,0,0,0,0,0,0,0,0,0,0,1,0
818,0,1.0,0.5350590600653431,0.0,0.0,0.012589561555343713,0,1,0,0,0,0,0,0,0,0,0,0,1,0,0,0,0,0,0,0,0,0,1,0,0
820,1,0.0,0.648152802211611,0.125,0.16666666666666666,0.18249984580226933,1,0,0,0,0,0,0,0,0,0,0,0,0,0,0,0,0,0,0,0,0,0,1,0,0
821,1,1.0,0.33400351847197784,0.0,0.0,0.016908073949327893,0,1,0,0,0,0,0,0,0,0,0,0,1,0,0,0,0,0,0,0,0,0,1,0,0
822,0,0.0,0.4722292033174164,0.0,0.0,0.0,0,1,0,0,0,0,0,0,0,0,0,0,1,0,0,0,0,0,0,0,0,0,1,0,0
823,1,1.0,0.33400351847197784,0.0,0.16666666666666666,0.024349578357040744,1,0,0,0,0,0,0,0,0,0,0,0,0,0,0,0,0,0,0,0,0,0,1,0,0
825,0,1.0,0.36792055349407915,0.0,0.0,0.013565496559633922,0,1,0,0,0,0,0,0,0,0,0,0,1,0,0,0,0,0,0,0,0,0,0,0,1
826,0,1.0,0.36792055349407915,0.0,0.0,0.11027245763075773,0,1,0,1,0,0,0,0,0,0,0,0,1,0,0,0,0,0,0,0,0,0,1,0,0
828,1,1.0,0.36792055349407915,0.0,0.0,0.015126992566498259,0,1,0,0,0,0,0,0,0,0,0,0,1,0,0,0,0,0,0,0,0,0,0,0,1
829,1,0.0,0.7738125157074642,0.0,0.0,0.15614960068643363,1,0,0,0,0,0,0,0,0,0,0,0,0,0,0,0,0,0,0,0,0,0,1,0,0
830,1,1.0,0.18321186227695402,0.125,0.0,0.028212719478023115,1,0,0,0,0,0,0,0,0,0,0,0,1,0,0,0,0,0,0,0,0,0,0,1,0
831,1,0.5,0.005152048253329982,0.125,0.16666666666666666,0.03659756266088288,0,1,0,0,0,0,0,0,0,0,0,0,1,0,0,0,0,0,0,0,0,0,1,0,0
832,0,1.0,0.36792055349407915,0.0,0.0,0.014110458666029575,0,1,0,0,0,0,0,0,0,0,0,0,1,0,0,0,0,0,0,0,0,0,0,1,0
833,0,1.0,0.2837396330736366,0.0,0.0,0.015330377421392339,0,1,0,0,0,0,0,0,0,0,0,0,1,0,0,0,0,0,0,0,0,0,1,0,0
834,0,1.0,0.22090977632571,0.0,0.0,0.016200521071217493,0,1,0,0,0,0,0,0,0,0,0,0,1,0,0,0,0,0,0,0,0,0,1,0,0
836,0,1.0,0.2586076903744659,0.0,0.0,0.016908073949327893,0,1,0,0,0,0,0,0,0,0,0,0,1,0,0,0,0,0,0,0,0,0,1,0,0
837,0,1.0,0.36792055349407915,0.0,0.0,0.015712553569072387,0,1,0,0,0,0,0,0,0,0,0,0,1,0,0,0,0,0,0,0,0,0,1,0,0
838,1,1.0,0.39683337521990447,0.0,0.0,0.11027245763075773,0,1,0,1,0,0,0,0,0,0,0,0,1,0,0,0,0,0,0,0,0,0,1,0,0
839,1,0.0,0.36792055349407915,0.0,0.0,0.057970539254838485,0,1,0,0,0,0,0,0,0,0,0,0,0,0,0,0,0,0,0,0,0,0,0,1,0
840,0,1.0,0.24604171902488062,0.0,0.0,0.015468569817999833,0,1,0,0,0,0,0,0,0,0,0,0,1,0,0,0,0,0,0,0,0,0,1,0,0
841,0,0.5,0.19577783362653933,0.0,0.0,0.020494635090094415,0,1,0,0,0,0,0,0,0,0,0,0,1,0,0,0,0,0,0,0,0,0,1,0,0
843,0,1.0,0.4282483035938678,0.0,0.0,0.012565163180236457,0,1,0,0,0,0,0,0,0,0,0,0,1,0,0,0,0,0,0,0,0,0,0,1,0
844,0,1.0,0.20834380497612465,0.0,0.0,0.016908073949327893,0,1,0,0,0,0,0,0,0,0,0,0,1,0,0,0,0,0,0,0,0,0,1,0,0
845,0,1.0,0.5224930887157577,0.0,0.0,0.014736618564782174,0,1,0,0,0,0,0,0,0,0,0,0,1,0,0,0,0,0,0,0,0,0,1,0,0
847,0,1.0,0.4345312892686604,0.0,0.0,0.015411575213749286,0,1,0,0,0,0,0,0,0,0,0,0,1,0,0,0,0,0,0,0,0,0,0,1,0
848,0,0.5,0.34656948982156316,0.0,0.16666666666666666,0.06441171028315387,0,1,0,0,0,0,0,0,0,0,0,0,1,0,0,0,0,0,0,0,0,0,1,0,0
851,0,1.0,0.9246041719024881,0.0,0.0,0.015175789316712771,0,1,0,0,0,0,0,0,0,0,0,0,1,0,0,0,0,0,0,0,0,0,1,0,0
853,1,0.0,0.19577783362653933,0.0,0.16666666666666666,0.07690367833806856,1,0,0,0,0,0,0,0,0,0,0,0,0,0,0,0,0,0,0,0,0,0,1,0,0
854,0,0.5,0.5476250314149284,0.125,0.0,0.050748620223090936,1,0,0,0,0,0,0,0,0,0,0,0,1,0,0,0,0,0,0,0,0,0,1,0,0
855,1,1.0,0.22090977632571,0.0,0.16666666666666666,0.018249984580226933,1,0,0,0,0,0,0,0,0,0,0,0,1,0,0,0,0,0,0,0,0,0,1,0,0
857,1,0.0,0.6355868308620256,0.0,0.0,0.051822148727810165,0,1,0,0,0,0,0,0,0,0,0,0,0,0,0,0,0,0,0,0,0,0,1,0,0
859,0,1.0,0.36792055349407915,0.0,0.0,0.014110458666029575,0,1,0,0,0,0,0,0,0,0,0,0,1,0,0,0,0,0,0,0,0,0,0,1,0
860,0,1.0,0.5099271173661725,0.25,0.0,0.027537567642055148,0,1,0,0,0,0,0,0,0,0,0,0,1,0,0,0,0,0,0,0,0,0,1,0,0
861,0,0.5,0.2586076903744659,0.125,0.0,0.022446505098674838,0,1,0,0,0,0,0,0,0,0,0,0,1,0,0,0,0,0,0,0,0,0,1,0,0
862,1,0.0,0.5978889168132697,0.0,0.0,0.050610427826483444,1,0,0,0,0,0,0,0,0,0,0,0,0,0,0,0,0,0,0,0,0,0,1,0,0
864,0,0.5,0.2963056044232219,0.0,0.0,0.025374310111545468,0,1,0,0,0,0,0,0,0,0,0,0,1,0,0,0,0,0,0,0,0,0,1,0,0
865,1,0.5,0.5224930887157577,0.0,0.0,0.025374310111545468,1,0,0,0,0,0,0,0,0,0,0,0,1,0,0,0,0,0,0,0,0,0,1,0,0
866,1,0.5,0.33400351847197784,0.125,0.0,0.027049600139910042,1,0,0,0,0,0,0,0,0,0,0,0,1,0,0,0,0,0,0,0,0,0,0,1,0
867,0,0.0,0.38426740387031916,0.0,0.0,0.09856123757927521,0,1,0,0,0,0,0,0,0,0,0,0,0,0,0,0,0,0,0,0,0,0,1,0,0
868,0,1.0,0.36792055349407915,0.0,0.0,0.018542765081513996,0,1,0,0,0,0,0,0,0,0,0,0,1,0,0,0,0,0,0,0,0,0,1,0,0
869,1,1.0,0.04498617743151546,0.125,0.16666666666666666,0.021730754366528396,0,1,0,0,0,0,0,0,0,0,0,0,1,0,0,0,0,0,0,0,0,0,1,0,0
870,0,1.0,0.32143754712239253,0.0,0.0,0.015411575213749286,0,1,0,0,0,0,0,0,0,0,0,0,1,0,0,0,0,0,0,0,0,0,1,0,0
871,1,0.0,0.5853229454636844,0.125,0.16666666666666666,0.10257896680493714,1,0,0,0,0,0,0,0,0,0,0,0,0,0,0,0,0,0,0,0,0,0,1,0,0
872,0,0.0,0.4093993465694898,0.0,0.0,0.009759350042902102,0,1,0,0,0,0,0,0,0,0,0,0,0,0,0,0,0,0,0,0,0,0,1,0,0
873,0,1.0,0.5853229454636844,0.0,0.0,0.017566830077223785,0,1,0,0,0,0,0,0,0,0,0,0,1,0,0,0,0,0,0,0,0,0,1,0,0
874,1,0.5,0.34656948982156316,0.125,0.0,0.04684488020593009,1,0,0,0,0,0,0,0,0,0,0,0,1,0,0,0,0,0,0,0,0,0,0,1,0
875,1,1.0,0.18321186227695402,0.0,0.0,0.014102260811993537,1,0,0,0,0,0,0,0,0,0,0,0,1,0,0,0,0,0,0,0,0,0,0,1,0
876,0,1.0,0.24604171902488062,0.0,0.0,0.019217721730481106,0,1,0,0,0,0,0,0,0,0,0,0,1,0,0,0,0,0,0,0,0,0,1,0,0
877,0,1.0,0.2334757476752953,0.0,0.0,0.015411575213749286,0,1,0,0,0,0,0,0,0,0,0,0,1,0,0,0,0,0,0,0,0,0,1,0,0
878,0,1.0,0.36792055349407915,0.0,0.0,0.015411575213749286,0,1,0,0,0,0,0,0,0,0,0,0,1,0,0,0,0,0,0,0,0,0,1,0,0
880,1,0.5,0.3088715757728072,0.0,0.16666666666666666,0.050748620223090936,1,0,0,0,0,0,0,0,0,0,0,0,1,0,0,0,0,0,0,0,0,0,1,0,0
881,0,1.0,0.4093993465694898,0.0,0.0,0.015411575213749286,0,1,0,0,0,0,0,0,0,0,0,0,1,0,0,0,0,0,0,0,0,0,1,0,0
882,0,1.0,0.2711736617240512,0.0,0.0,0.02052723131923771,1,0,0,0,0,0,0,0,0,0,0,0,1,0,0,0,0,0,0,0,0,0,1,0,0
883,0,0.5,0.34656948982156316,0.0,0.0,0.020494635090094415,0,1,0,0,0,0,0,0,0,0,0,0,1,0,0,0,0,0,0,0,0,0,1,0,0
884,0,1.0,0.3088715757728072,0.0,0.0,0.013760683560491965,0,1,0,0,0,0,0,0,0,0,0,0,1,0,0,0,0,0,0,0,0,0,1,0,0
886,0,0.5,0.33400351847197784,0.0,0.0,0.025374310111545468,0,1,0,0,0,0,0,0,0,0,0,0,1,0,0,0,0,0,0,0,0,0,1,0,0
887,1,0.0,0.2334757476752953,0.0,0.0,0.05855610025741262,1,0,0,0,0,0,0,0,0,0,0,0,0,0,0,0,0,0,0,0,0,0,1,0,0
888,0,1.0,0.36792055349407915,0.125,0.3333333333333333,0.04577135170121086,1,0,0,0,0,0,0,0,0,0,0,0,1,0,0,0,0,0,0,0,0,0,1,0,0
889,1,0.0,0.32143754712239253,0.0,0.0,0.05855610025741262,0,1,0,0,0,0,0,0,0,0,0,0,0,0,0,0,0,0,0,0,0,0,0,1,0
890,0,1.0,0.39683337521990447,0.0,0.0,0.015126992566498259,0,1,0,0,0,0,0,0,0,0,0,0,1,0,0,0,0,0,0,0,0,0,0,0,1
